,Tunnel,Marché,Référence prix,Coefficient,freq_totale,nbr_equipe,Source Cell,Formula Type
0,Boissy,Bâtiment,VJE001,1.0,6.0,1.0,G3,sum_2
1,Boissy,Bâtiment,VJE002,,,,,
2,Boissy,Bâtiment,VNE001,1.0,6.0,1.0,G4,sum_2
3,Boissy,Bâtiment,VNE002,,,,,
4,Boissy,Bâtiment,MPE001,1.0,1.0,1.0,G5,sum_2
5,Boissy,Bâtiment,MPE002,,,,,
6,Boissy,Propreté,POL030,1.0,2.0,2.0,G6,direct
7,Boissy,ContReg,CRC106,1.0,1.0,1.0,G7,direct
8,Boissy,ContReg,CRC107,1.0,0.5,1.0,G8,direct
9,Boissy,ContReg,CRE110,1.0,1.0,1.0,G9,direct
10,Boissy,ContReg,CRC101,1.0,1.0,0.0,G10,direct
11,Boissy,ContReg,CRC102,1.0,1.0,0,G11,direct
12,Boissy,ContReg,CRC103,1.0,1.0,0.0,G12,direct
13,Boissy,Eclairage,ECPE05,1.0,2.0,2.0,G13,direct
14,Boissy,Eclairage,ECPE18,1.0,2.0,2.0,G14,direct
15,Boissy,Eclairage,ECPE66,1.0,0.4,2.0,G15,sum_3
16,Boissy,Eclairage,ECPE68,,,,,
17,Boissy,Eclairage,ECPE69,,,,,
18,Boissy,AEV,ECPE16,1.0,2.0,2.0,G16,direct
19,Boissy,AEV,ECPE18,1.0,2.0,2.0,G17,direct
20,Boissy,AEV,AEV08,1.0,1.0,32.0,G18,direct
21,Boissy,Automate,AUPR27,1.0,1.0,1.0,G19,direct
22,Boissy,Automate,AUPR28,1.0,1.0,1.0,G20,direct
23,Boissy,Automate,AUPR47,1.0,1.0,3.0,G21,direct
24,Boissy,Automate,AUPR48,1.0,1.0,9.0,G22,direct
25,Boissy,PAU/TSE,RAU-PE01,1.0,1.0,1.0,G23,direct
26,Boissy,PAU/TSE,TSE-PE01,1.0,1.0,1.0,G24,direct
27,Boissy,MEC,713,1.0,0.5,1.0,G25,direct
28,Boissy,MEC,717,1.0,0.5,1.0,G26,direct
29,Boissy,MEC,721,1.0,0.0,1.0,G27,direct
30,Boissy,MEC,733,1.0,0.5,1.0,G28,direct
31,Boissy,MEC,740,1.0,0.5,1.0,G29,direct
32,Boissy,MEC,747,1.0,0.0,1.0,G30,direct
33,Boissy,MEC,763,1.0,0.5,1.0,G31,direct
34,Boissy,MEC,768,1.0,0.5,1.0,G32,direct
35,Boissy,MEC,773,1.0,0.0,1.0,G33,direct
36,Boissy,MEC,783,1.0,1.0,1.0,G34,direct
37,Boissy,MEC,401,1.0,0.5,5.0,G35,direct
38,Boissy,MEC,402,1.0,0.5,5.0,G36,direct
39,Boissy,Onduleur,ONP001,1.0,1.0,0,G37,direct
40,Boissy,Onduleur,ONP002,1.0,1.0,0,G38,direct
41,Boissy,Onduleur,ONP003,1.0,1.0,1.0,G39,direct
42,Boissy,Onduleur,ONP004,1.0,1.0,1.0,G40,direct
43,Boissy,Onduleur,ONP005,1.0,0.5,1.0,G41,direct
44,Boissy,Détection,DEP017,1.0,4.0,2.0,G42,direct
45,Boissy,Détection,DEP027,1.0,1.0,2.0,G43,direct
46,Boissy,Détection,DEP100,1.0,1.0,1.0,G44,direct
47,Boissy,Détection,DEP200,1.0,1.0,0,G45,direct
48,Boissy,Détection,DEP201,1.0,1.0,0,G46,direct
49,Boissy,Détection,DEP202,1.0,1.0,0,G47,direct
50,Boissy,Détection,DEP203,1.0,1.0,26.0,G48,direct
51,Boissy,Détection,DEP204,1.0,1.0,0,G49,direct
52,Boissy,Détection,DEP205,1.0,1.0,10.0,G50,direct
53,Boissy,Détection,DEP206,1.0,1.0,0,G51,direct
54,Boissy,Ventilation,VPE204,1.0,1.0,1.0,G52,direct
55,Boissy,Ventilation,VPT300,1.0,1.0,8.0,G53,direct
56,Boissy,Ventilation,VPT301,1.0,1.0,0.0,G54,direct
57,Boissy,Ventilation,VPT302,1.0,1.0,0.0,G55,direct
58,Boissy,Ventilation,VPT304,1.0,1.0,0.0,G56,direct
59,Boissy,Ventilation,VPT305,1.0,1.0,0.0,G57,direct
60,Boissy,Vidéo,VI MP 200,1.0,1.0,1.0,G58,direct
61,Boissy,Vidéo,VI MP 201,1.0,1.0,1.0,G59,direct
62,Boissy,Vidéo,VI MP 344,1.0,2.0,1.0,G60,direct
63,Boissy,Vidéo,VI MP 345,1.0,2.0,1.0,G61,direct
64,Boissy,Vidéo,VI MP 422,1.0,1.0,1.0,G62,direct
65,Boissy,Pompage,INP205,1.0,1.0,1.0,G63,direct
66,Boissy,Pompage,POP208,1.0,3.0,1.0,G64,direct
67,Boissy,Pompage,POE600,1.0,1.0,0.0,G65,direct
68,Boissy,Pompage,POE208,1.0,1.0,3.0,G66,direct
69,Boissy,Pompage,INP500,1.0,1.0,0,G67,direct
70,Boissy,Pompage,INP600,1.0,1.0,0.0,G68,direct
71,Boissy,Pompage,INP700,1.0,1.0,0.0,G69,direct
72,Boissy,Pompage,INP800,1.0,1.0,0.0,G70,direct
73,Boissy,Pompage,INP900,1.0,1.0,0.0,G71,direct
74,Boissy,Pompage,INP901,1.0,1.0,0,G72,direct
75,Champigny,Bâtiment,VJE003,1.0,6.0,1.0,G3,sum_2
76,Champigny,Bâtiment,VJE004,,,,,
77,Champigny,Bâtiment,VNE003,1.0,6.0,1.0,G4,sum_2
78,Champigny,Bâtiment,VNE004,,,,,
79,Champigny,Bâtiment,MPE003,1.0,1.0,1.0,G5,sum_2
80,Champigny,Bâtiment,MPE004,,,,,
81,Champigny,Propreté,POL015,1.0,2.0,2.0,G6,direct
82,Champigny,ContReg,CRC106,1.0,1.0,1.0,G7,direct
83,Champigny,ContReg,CRC107,1.0,0.5,1.0,G8,direct
84,Champigny,ContReg,CRE103,1.0,1.0,1.0,G9,sum_2
85,Champigny,ContReg,CRE104,,,,,
86,Champigny,ContReg,CRC101,1.0,1.0,0.0,G10,direct
87,Champigny,ContReg,CRC102,1.0,1.0,0,G11,direct
88,Champigny,ContReg,CRC103,1.0,1.0,0.0,G12,direct
89,Champigny,Eclairage,ECPE03,1.0,2.0,2.0,G13,direct
90,Champigny,Eclairage,ECPE14,1.0,2.0,2.0,G14,direct
91,Champigny,Eclairage,ECPE58,1.0,0.4,2.0,G15,sum_3
92,Champigny,Eclairage,ECPE60,,,,,
93,Champigny,Eclairage,ECPE61,,,,,
94,Champigny,AEV,AEFE12,1.0,2.0,2.0,G16,direct
95,Champigny,AEV,AEPE22,1.0,2.0,2.0,G17,direct
96,Champigny,AEV,AEV08,1.0,1.0,18.0,G18,direct
97,Champigny,Automate,AUPR29,1.0,1.0,1.0,G19,direct
98,Champigny,Automate,AUPR30,1.0,1.0,1.0,G20,direct
99,Champigny,Automate,AUPR47,1.0,1.0,2.0,G21,direct
100,Champigny,Automate,AUPR48,1.0,1.0,0.0,G22,direct
101,Champigny,PAU/TSE,RAU-PE02,1.0,1.0,1.0,G23,direct
102,Champigny,PAU/TSE,TSE-PE02,1.0,1.0,1.0,G24,direct
103,Champigny,MEC,711,1.0,0.5,1.0,G25,direct
104,Champigny,MEC,715,1.0,0.5,1.0,G26,direct
105,Champigny,MEC,719,1.0,0.0,1.0,G27,direct
106,Champigny,MEC,731,1.0,0.5,1.0,G28,direct
107,Champigny,MEC,738,1.0,0.5,1.0,G29,direct
108,Champigny,MEC,745,1.0,0.0,1.0,G30,direct
109,Champigny,MEC,761,1.0,0.5,1.0,G31,direct
110,Champigny,MEC,766,1.0,0.5,1.0,G32,direct
111,Champigny,MEC,771,1.0,0.0,1.0,G33,direct
112,Champigny,MEC,781,1.0,1.0,1.0,G34,direct
113,Champigny,MEC,401,1.0,0.5,5.0,G35,direct
114,Champigny,MEC,402,1.0,0.5,5.0,G36,direct
115,Champigny,Onduleur,ONP001,1.0,1.0,0,G37,direct
116,Champigny,Onduleur,ONP002,1.0,1.0,0,G38,direct
117,Champigny,Onduleur,ONP003,1.0,1.0,2.0,G39,direct
118,Champigny,Onduleur,ONP004,1.0,1.0,0,G40,direct
119,Champigny,Onduleur,ONP005,1.0,0.5,2.0,G41,direct
120,Champigny,Détection,DEP015,1.0,4.0,2.0,G42,direct
121,Champigny,Détection,DEP027,1.0,1.0,3.0,G43,direct
122,Champigny,Détection,DEP100,1.0,1.0,1.0,G44,direct
123,Champigny,Détection,DEP200,1.0,1.0,43.0,G45,direct
124,Champigny,Détection,DEP201,1.0,1.0,0,G46,direct
125,Champigny,Détection,DEP202,1.0,1.0,0,G47,direct
126,Champigny,Détection,DEP203,1.0,1.0,10.0,G48,direct
127,Champigny,Détection,DEP204,1.0,1.0,0,G49,direct
128,Champigny,Détection,DEP205,1.0,1.0,7.0,G50,direct
129,Champigny,Détection,DEP206,1.0,1.0,9.0,G51,direct
130,Champigny,Ventilation,VPE201,1.0,1.0,1.0,G52,direct
131,Champigny,Ventilation,VPT300,1.0,1.0,4.0,G53,direct
132,Champigny,Ventilation,VPT301,1.0,1.0,6.0,G54,direct
133,Champigny,Ventilation,VPT302,1.0,1.0,0.0,G55,direct
134,Champigny,Ventilation,VPT304,1.0,1.0,0.0,G56,direct
135,Champigny,Ventilation,VPT305,1.0,1.0,0.0,G57,direct
136,Champigny,Vidéo,VI MP 100,1.0,1.0,1.0,G58,direct
137,Champigny,Vidéo,VI MP 101,1.0,1.0,1.0,G59,direct
138,Champigny,Vidéo,VI MP 300,1.0,2.0,1.0,G60,direct
139,Champigny,Vidéo,VI MP 301,1.0,2.0,1.0,G61,direct
140,Champigny,Vidéo,VI MP 400,1.0,1.0,1.0,G62,direct
141,Champigny,Pompage,INP203,1.0,1.0,1.0,G63,direct
142,Champigny,Pompage,POE600,1.0,1.0,0.0,G65,direct
143,Champigny,Pompage,INP500,1.0,1.0,0,G67,direct
144,Champigny,Pompage,INP600,1.0,1.0,0.0,G68,direct
145,Champigny,Pompage,INP700,1.0,1.0,4.0,G69,direct
146,Champigny,Pompage,INP800,1.0,1.0,0.0,G70,direct
147,Champigny,Pompage,INP900,1.0,1.0,0.0,G71,direct
148,Champigny,Pompage,INP901,1.0,1.0,0,G72,direct
149,Guy Môquet,Bâtiment,VJE005,1.0,6.0,0.5,G3,sum_2
150,Guy Môquet,Bâtiment,VJE006,,,,,
151,Guy Môquet,Bâtiment,VNE005,1.0,6.0,0.5,G4,sum_2
152,Guy Môquet,Bâtiment,VNE006,,,,,
153,Guy Môquet,Bâtiment,MPE005,1.0,1.0,0.5,G5,sum_2
154,Guy Môquet,Bâtiment,MPE006,,,,,
155,Guy Môquet,Propreté,POL016,1.0,2.0,1.0,G6,direct
156,Guy Môquet,ContReg,CRC106,1.0,1.0,1.0,G7,direct
157,Guy Môquet,ContReg,CRC107,1.0,0.5,1.0,G8,direct
158,Guy Môquet,ContReg,CRE105,1.0,1.0,0.5,G9,sum_2
159,Guy Môquet,ContReg,CRE106,,,,,
160,Guy Môquet,ContReg,CRC101,1.0,1.0,0.0,G10,direct
161,Guy Môquet,ContReg,CRC102,1.0,1.0,0,G11,direct
162,Guy Môquet,ContReg,CRC103,1.0,1.0,0.0,G12,direct
163,Guy Môquet,Eclairage,ECPE01,1.0,2.0,1.0,G13,direct
164,Guy Môquet,Eclairage,ECPE10,1.0,2.0,1.0,G14,direct
165,Guy Môquet,Eclairage,ECPE50,1.0,0.4,1.0,G15,sum_3
166,Guy Môquet,Eclairage,ECPE54,,,,,
167,Guy Môquet,Eclairage,ECPE56,,,,,
168,Guy Môquet,AEV,AEFE10,1.0,2.0,1.0,G16,direct
169,Guy Môquet,AEV,AEPE20,1.0,2.0,1.0,G17,direct
170,Guy Môquet,AEV,AEV08,1.0,1.0,6.0,G18,direct
171,Guy Môquet,Automate,AUPR31,1.0,1.0,0.5,G19,direct
172,Guy Môquet,Automate,AUPR32,1.0,1.0,0.5,G20,direct
173,Guy Môquet,Automate,AUPR47,1.0,1.0,1.0,G21,direct
174,Guy Môquet,Automate,AUPR48,1.0,1.0,0.0,G22,direct
175,Guy Môquet,PAU/TSE,RAU-PE04,1.0,1.0,0.5,G23,direct
176,Guy Môquet,PAU/TSE,TSE-PE04,1.0,1.0,0.5,G24,direct
177,Guy Môquet,MEC,712,1.0,0.5,0.5,G25,direct
178,Guy Môquet,MEC,716,1.0,0.5,0.5,G26,direct
179,Guy Môquet,MEC,720,1.0,0.0,0.5,G27,direct
180,Guy Môquet,MEC,732,1.0,0.5,0.5,G28,direct
181,Guy Môquet,MEC,739,1.0,0.5,0.5,G29,direct
182,Guy Môquet,MEC,746,1.0,0.0,0.5,G30,direct
183,Guy Môquet,MEC,762,1.0,0.5,0.5,G31,direct
184,Guy Môquet,MEC,767,1.0,0.5,0.5,G32,direct
185,Guy Môquet,MEC,772,1.0,0.0,0.5,G33,direct
186,Guy Môquet,MEC,401,1.0,0.5,3.0,G35,direct
187,Guy Môquet,MEC,402,1.0,0.5,3.0,G36,direct
188,Guy Môquet,Onduleur,ONP001,1.0,1.0,0,G37,direct
189,Guy Môquet,Onduleur,ONP002,1.0,1.0,0,G38,direct
190,Guy Môquet,Onduleur,ONP003,1.0,1.0,1.0,G39,direct
191,Guy Môquet,Onduleur,ONP004,1.0,1.0,0,G40,direct
192,Guy Môquet,Onduleur,ONP005,1.0,0.5,1.0,G41,direct
193,Guy Môquet,Détection,DEP016,1.0,4.0,1.0,G42,direct
194,Guy Môquet,Détection,DEP027,1.0,1.0,2.0,G43,direct
195,Guy Môquet,Détection,DEP100,1.0,1.0,1.0,G44,direct
196,Guy Môquet,Détection,DEP200,1.0,1.0,18.0,G45,direct
197,Guy Môquet,Détection,DEP201,1.0,1.0,0,G46,direct
198,Guy Môquet,Détection,DEP202,1.0,1.0,0,G47,direct
199,Guy Môquet,Détection,DEP203,1.0,1.0,0,G48,direct
200,Guy Môquet,Détection,DEP204,1.0,1.0,0,G49,direct
201,Guy Môquet,Détection,DEP205,1.0,1.0,0,G50,direct
202,Guy Môquet,Détection,DEP206,1.0,1.0,2.0,G51,direct
203,Guy Môquet,Ventilation,VPE202,1.0,1.0,1.0,G52,direct
204,Guy Môquet,Ventilation,VPT300,1.0,1.0,4.0,G53,direct
205,Guy Môquet,Ventilation,VPT301,1.0,1.0,0.0,G54,direct
206,Guy Môquet,Ventilation,VPT302,1.0,1.0,0.0,G55,direct
207,Guy Môquet,Ventilation,VPT304,1.0,1.0,0.0,G56,direct
208,Guy Môquet,Ventilation,VPT305,1.0,1.0,0.0,G57,direct
209,Guy Môquet,Vidéo,VI MP 102,1.0,1.0,0.5,G58,direct
210,Guy Môquet,Vidéo,VI MP 103,1.0,1.0,0.5,G59,direct
211,Guy Môquet,Vidéo,VI MP 302,1.0,2.0,0.5,G60,direct
212,Guy Môquet,Vidéo,VI MP 303,1.0,2.0,0.5,G61,direct
213,Guy Môquet,Vidéo,VI MP 400,1.0,1.0,0.5,G62,direct
214,Guy Môquet,Pompage,INP201,1.0,1.0,1.0,G63,direct
215,Guy Môquet,Pompage,POE600,1.0,1.0,0.0,G65,direct
216,Guy Môquet,Pompage,INP500,1.0,1.0,0,G67,direct
217,Guy Môquet,Pompage,INP600,1.0,1.0,0.0,G68,direct
218,Guy Môquet,Pompage,INP700,1.0,1.0,0.0,G69,direct
219,Guy Môquet,Pompage,INP800,1.0,1.0,0.0,G70,direct
220,Guy Môquet,Pompage,INP900,1.0,1.0,0.0,G71,direct
221,Guy Môquet,Pompage,INP901,1.0,1.0,0,G72,direct
222,Moulin,Bâtiment,VJE005,1.0,6.0,0.5,G3,sum_2
223,Moulin,Bâtiment,VJE006,,,,,
224,Moulin,Bâtiment,VNE005,1.0,6.0,0.5,G4,sum_2
225,Moulin,Bâtiment,VNE006,,,,,
226,Moulin,Bâtiment,MPE005,1.0,1.0,0.5,G5,sum_2
227,Moulin,Bâtiment,MPE006,,,,,
228,Moulin,Propreté,POL016,1.0,2.0,1.0,G6,direct
229,Moulin,ContReg,CRC106,1.0,1.0,1.0,G7,direct
230,Moulin,ContReg,CRC107,1.0,0.5,1.0,G8,direct
231,Moulin,ContReg,CRE105,1.0,1.0,0.5,G9,sum_2
232,Moulin,ContReg,CRE106,,,,,
233,Moulin,ContReg,CRC101,1.0,1.0,0.0,G10,direct
234,Moulin,ContReg,CRC102,1.0,1.0,1.0,G11,direct
235,Moulin,ContReg,CRC103,1.0,1.0,0.0,G12,direct
236,Moulin,Eclairage,ECPE01,1.0,2.0,1.0,G13,direct
237,Moulin,Eclairage,ECPE10,1.0,2.0,1.0,G14,direct
238,Moulin,Eclairage,ECPE50,1.0,0.4,1.0,G15,sum_3
239,Moulin,Eclairage,ECPE54,,,,,
240,Moulin,Eclairage,ECPE56,,,,,
241,Moulin,AEV,AEFE10,1.0,2.0,1.0,G16,direct
242,Moulin,AEV,AEPE20,1.0,2.0,1.0,G17,direct
243,Moulin,AEV,AEV08,1.0,1.0,8.0,G18,direct
244,Moulin,Automate,AUPR31,1.0,1.0,0.5,G19,direct
245,Moulin,Automate,AUPR32,1.0,1.0,0.5,G20,direct
246,Moulin,Automate,AUPR47,1.0,1.0,0.0,G21,direct
247,Moulin,Automate,AUPR48,1.0,1.0,0.0,G22,direct
248,Moulin,PAU/TSE,RAU-PE04,1.0,1.0,0.5,G23,direct
249,Moulin,PAU/TSE,TSE-PE04,1.0,1.0,0.5,G24,direct
250,Moulin,MEC,712,1.0,0.5,0.5,G25,direct
251,Moulin,MEC,716,1.0,0.5,0.5,G26,direct
252,Moulin,MEC,720,1.0,0.0,0.5,G27,direct
253,Moulin,MEC,732,1.0,0.5,0.5,G28,direct
254,Moulin,MEC,739,1.0,0.5,0.5,G29,direct
255,Moulin,MEC,746,1.0,0.0,0.5,G30,direct
256,Moulin,MEC,762,1.0,0.5,0.5,G31,direct
257,Moulin,MEC,767,1.0,0.5,0.5,G32,direct
258,Moulin,MEC,772,1.0,0.0,0.5,G33,direct
259,Moulin,MEC,401,1.0,0.5,3.0,G35,direct
260,Moulin,MEC,402,1.0,0.5,3.0,G36,direct
261,Moulin,Onduleur,ONP001,1.0,1.0,0,G37,direct
262,Moulin,Onduleur,ONP002,1.0,1.0,1.0,G38,direct
263,Moulin,Onduleur,ONP003,1.0,1.0,1.0,G39,direct
264,Moulin,Onduleur,ONP004,1.0,1.0,0,G40,direct
265,Moulin,Onduleur,ONP005,1.0,0.5,2.0,G41,direct
266,Moulin,Détection,DEP016,1.0,4.0,1.0,G42,direct
267,Moulin,Détection,DEP027,1.0,1.0,2.0,G43,direct
268,Moulin,Détection,DEP100,1.0,1.0,1.0,G44,direct
269,Moulin,Détection,DEP200,1.0,1.0,25.0,G45,direct
270,Moulin,Détection,DEP201,1.0,1.0,0,G46,direct
271,Moulin,Détection,DEP202,1.0,1.0,0,G47,direct
272,Moulin,Détection,DEP203,1.0,1.0,0,G48,direct
273,Moulin,Détection,DEP204,1.0,1.0,0,G49,direct
274,Moulin,Détection,DEP205,1.0,1.0,1.0,G50,direct
275,Moulin,Détection,DEP206,1.0,1.0,4.0,G51,direct
276,Moulin,Ventilation,VPE203,1.0,1.0,1.0,G52,direct
277,Moulin,Ventilation,VPT300,1.0,1.0,8.0,G53,direct
278,Moulin,Ventilation,VPT301,1.0,1.0,0.0,G54,direct
279,Moulin,Ventilation,VPT302,1.0,1.0,0.0,G55,direct
280,Moulin,Ventilation,VPT304,1.0,1.0,0.0,G56,direct
281,Moulin,Ventilation,VPT305,1.0,1.0,0.0,G57,direct
282,Moulin,Vidéo,VI MP 102,1.0,1.0,0.5,G58,direct
283,Moulin,Vidéo,VI MP 103,1.0,1.0,0.5,G59,direct
284,Moulin,Vidéo,VI MP 302,1.0,2.0,0.5,G60,direct
285,Moulin,Vidéo,VI MP 303,1.0,2.0,0.5,G61,direct
286,Moulin,Vidéo,VI MP 400,1.0,1.0,0.5,G62,direct
287,Moulin,Pompage,INP204,1.0,1.0,1.0,G63,direct
288,Moulin,Pompage,POE600,1.0,1.0,0.0,G65,direct
289,Moulin,Pompage,INP500,1.0,1.0,0,G67,direct
290,Moulin,Pompage,INP600,1.0,1.0,0.0,G68,direct
291,Moulin,Pompage,INP700,1.0,1.0,0.0,G69,direct
292,Moulin,Pompage,INP800,1.0,1.0,0.0,G70,direct
293,Moulin,Pompage,INP900,1.0,1.0,0.0,G71,direct
294,Moulin,Pompage,INP901,1.0,1.0,0,G72,direct
295,Nogent,Bâtiment,VJE007,1.0,6.0,1.0,G3,sum_2
296,Nogent,Bâtiment,VJE008,,,,,
297,Nogent,Bâtiment,VNE007,1.0,6.0,1.0,G4,sum_2
298,Nogent,Bâtiment,VNE008,,,,,
299,Nogent,Bâtiment,MPE007,1.0,1.0,1.0,G5,sum_2
300,Nogent,Bâtiment,MPE008,,,,,
301,Nogent,Propreté,POL014,1.0,2.0,2.0,G6,direct
302,Nogent,ContReg,CRC106,1.0,1.0,1.0,G7,direct
303,Nogent,ContReg,CRC107,1.0,0.5,1.0,G8,direct
304,Nogent,ContReg,CRE101,1.0,1.0,1.0,G9,sum_2
305,Nogent,ContReg,CRE102,,,,,
306,Nogent,ContReg,CRC101,1.0,1.0,0.0,G10,direct
307,Nogent,ContReg,CRC102,1.0,1.0,15.0,G11,direct
308,Nogent,ContReg,CRC103,1.0,1.0,0.0,G12,direct
309,Nogent,Eclairage,ECPE04,1.0,2.0,2.0,G13,direct
310,Nogent,Eclairage,ECPE16,1.0,2.0,2.0,G14,direct
311,Nogent,Eclairage,ECPE62,1.0,0.4,2.0,G15,sum_3
312,Nogent,Eclairage,ECPE64,,,,,
313,Nogent,Eclairage,ECPE65,,,,,
314,Nogent,AEV,AEFE14,1.0,2.0,2.0,G16,direct
315,Nogent,AEV,AEPE24,1.0,2.0,2.0,G17,direct
316,Nogent,AEV,AEV08,1.0,1.0,24.0,G18,direct
317,Nogent,Automate,AUPR33,1.0,1.0,1.0,G19,direct
318,Nogent,Automate,AUPR34,1.0,1.0,1.0,G20,direct
319,Nogent,Automate,AUPR47,1.0,1.0,16.0,G21,direct
320,Nogent,Automate,AUPR48,1.0,1.0,16.0,G22,direct
321,Nogent,PAU/TSE,RAU-PE03,1.0,1.0,1.0,G23,direct
322,Nogent,PAU/TSE,TSE-PE03,1.0,1.0,1.0,G24,direct
323,Nogent,MEC,710,1.0,0.5,1.0,G25,direct
324,Nogent,MEC,714,1.0,0.5,1.0,G26,direct
325,Nogent,MEC,718,1.0,0.0,1.0,G27,direct
326,Nogent,MEC,730,1.0,0.5,1.0,G28,direct
327,Nogent,MEC,737,1.0,0.5,1.0,G29,direct
328,Nogent,MEC,744,1.0,0.0,1.0,G30,direct
329,Nogent,MEC,760,1.0,0.5,1.0,G31,direct
330,Nogent,MEC,765,1.0,0.5,1.0,G32,direct
331,Nogent,MEC,770,1.0,0.0,1.0,G33,direct
332,Nogent,MEC,780,1.0,1.0,1.0,G34,direct
333,Nogent,MEC,401,1.0,0.5,6.0,G35,direct
334,Nogent,MEC,402,1.0,0.5,6.0,G36,direct
335,Nogent,Onduleur,ONP001,1.0,1.0,0,G37,direct
336,Nogent,Onduleur,ONP002,1.0,1.0,0,G38,direct
337,Nogent,Onduleur,ONP003,1.0,1.0,2.0,G39,direct
338,Nogent,Onduleur,ONP004,1.0,1.0,0,G40,direct
339,Nogent,Onduleur,ONP005,1.0,0.5,2.0,G41,direct
340,Nogent,Détection,DEP014,1.0,4.0,2.0,G42,direct
341,Nogent,Détection,DEP027,1.0,1.0,2.0,G43,direct
342,Nogent,Détection,DEP100,1.0,1.0,1.0,G44,direct
343,Nogent,Détection,DEP200,1.0,1.0,57.0,G45,direct
344,Nogent,Détection,DEP201,1.0,1.0,0,G46,direct
345,Nogent,Détection,DEP202,1.0,1.0,0,G47,direct
346,Nogent,Détection,DEP203,1.0,1.0,7.0,G48,direct
347,Nogent,Détection,DEP204,1.0,1.0,9.0,G49,direct
348,Nogent,Détection,DEP205,1.0,1.0,3.0,G50,direct
349,Nogent,Détection,DEP206,1.0,1.0,36.0,G51,direct
350,Nogent,Ventilation,VPE200,1.0,1.0,1.0,G52,direct
351,Nogent,Ventilation,VPT300,1.0,1.0,12.0,G53,direct
352,Nogent,Ventilation,VPT301,1.0,1.0,31.0,G54,direct
353,Nogent,Ventilation,VPT302,1.0,1.0,0.0,G55,direct
354,Nogent,Ventilation,VPT304,1.0,1.0,0.0,G56,direct
355,Nogent,Ventilation,VPT305,1.0,1.0,0.0,G57,direct
356,Nogent,Vidéo,VI MP 104,1.0,1.0,1.0,G58,direct
357,Nogent,Vidéo,VI MP 105,1.0,1.0,1.0,G59,direct
358,Nogent,Vidéo,VI MP 304,1.0,2.0,1.0,G60,direct
359,Nogent,Vidéo,VI MP 305,1.0,2.0,1.0,G61,direct
360,Nogent,Vidéo,VI MP 402,1.0,1.0,1.0,G62,direct
361,Nogent,Pompage,POE600,1.0,1.0,0.0,G65,direct
362,Nogent,Pompage,INP500,1.0,1.0,0,G67,direct
363,Nogent,Pompage,INP600,1.0,1.0,0.0,G68,direct
364,Nogent,Pompage,INP700,1.0,1.0,0.0,G69,direct
365,Nogent,Pompage,INP800,1.0,1.0,0.0,G70,direct
366,Nogent,Pompage,INP900,1.0,1.0,0.0,G71,direct
367,Nogent,Pompage,INP901,1.0,1.0,0,G72,direct
368,Ambroise Paré,Bâtiment,VJO001,1.0,6.0,1.0,G3,sum_2
369,Ambroise Paré,Bâtiment,VJO002,,,,,
370,Ambroise Paré,Bâtiment,VNO001,1.0,6.0,1.0,G4,sum_2
371,Ambroise Paré,Bâtiment,VNO002,,,,,
372,Ambroise Paré,Bâtiment,MPO001,1.0,1.0,1.0,G5,sum_2
373,Ambroise Paré,Bâtiment,MPO002,,,,,
374,Ambroise Paré,Propreté,POL004,1.0,2.0,2.0,G6,direct
375,Ambroise Paré,ContReg,CRC106,1.0,1.0,1.0,G7,direct
376,Ambroise Paré,ContReg,CRC107,1.0,0.5,1.0,G8,direct
377,Ambroise Paré,ContReg,CRO116,1.0,1.0,1.0,G9,sum_3
378,Ambroise Paré,ContReg,CRO117,,,,,
379,Ambroise Paré,ContReg,CRO118,,,,,
380,Ambroise Paré,ContReg,CRC101,1.0,1.0,0.0,G10,direct
381,Ambroise Paré,ContReg,CRC102,1.0,1.0,14.0,G11,direct
382,Ambroise Paré,ContReg,CRC103,1.0,1.0,0.0,G12,direct
383,Ambroise Paré,Eclairage,ECPB01,1.0,2.0,2.0,G13,direct
384,Ambroise Paré,Eclairage,ECPB10,1.0,2.0,2.0,G14,direct
385,Ambroise Paré,Eclairage,ECPB51,1.0,0.4,2.0,G15,sum_3
386,Ambroise Paré,Eclairage,ECPB52,,,,,
387,Ambroise Paré,Eclairage,ECPB53,,,,,
388,Ambroise Paré,AEV,CRE102,1.0,2.0,2.0,G16,direct
389,Ambroise Paré,AEV,CRE103,1.0,2.0,2.0,G17,direct
390,Ambroise Paré,AEV,AEV08,1.0,1.0,32.0,G18,direct
391,Ambroise Paré,Automate,AUPR11,1.0,1.0,1.0,G19,direct
392,Ambroise Paré,Automate,AUPR12,1.0,1.0,1.0,G20,direct
393,Ambroise Paré,Automate,AUPR47,1.0,1.0,0,G21,direct
394,Ambroise Paré,Automate,AUPR48,1.0,1.0,0,G22,direct
395,Ambroise Paré,PAU/TSE,RAU-PO09,1.0,1.0,1.0,G23,direct
396,Ambroise Paré,PAU/TSE,TSE-PO09,1.0,1.0,1.0,G24,direct
397,Ambroise Paré,MEC,1013,1.0,0.5,1.0,G25,direct
398,Ambroise Paré,MEC,1017,1.0,0.5,1.0,G26,direct
399,Ambroise Paré,MEC,1021,1.0,0.0,1.0,G27,direct
400,Ambroise Paré,MEC,1032,1.0,0.5,1.0,G28,direct
401,Ambroise Paré,MEC,1037,1.0,0.5,1.0,G29,direct
402,Ambroise Paré,MEC,1042,1.0,0.0,1.0,G30,direct
403,Ambroise Paré,MEC,1052,1.0,0.5,1.0,G31,direct
404,Ambroise Paré,MEC,1058,1.0,0.5,1.0,G32,direct
405,Ambroise Paré,MEC,1064,1.0,0.0,1.0,G33,direct
406,Ambroise Paré,MEC,1073,1.0,1.0,1.0,G34,direct
407,Ambroise Paré,MEC,401,1.0,0.5,4.0,G35,direct
408,Ambroise Paré,MEC,402,1.0,0.5,4.0,G36,direct
409,Ambroise Paré,Onduleur,ONP001,1.0,1.0,0,G37,direct
410,Ambroise Paré,Onduleur,ONP002,1.0,1.0,2.0,G38,direct
411,Ambroise Paré,Onduleur,ONP003,1.0,1.0,0,G39,direct
412,Ambroise Paré,Onduleur,ONP004,1.0,1.0,0,G40,direct
413,Ambroise Paré,Onduleur,ONP005,1.0,0.5,2.0,G41,direct
414,Ambroise Paré,Détection,DEP004,1.0,4.0,2.0,G42,direct
415,Ambroise Paré,Détection,DEP027,1.0,1.0,2.0,G43,direct
416,Ambroise Paré,Détection,DEP100,1.0,1.0,1.0,G44,direct
417,Ambroise Paré,Détection,DEP200,1.0,1.0,29.0,G45,direct
418,Ambroise Paré,Détection,DEP201,1.0,1.0,10.0,G46,direct
419,Ambroise Paré,Détection,DEP202,1.0,1.0,0,G47,direct
420,Ambroise Paré,Détection,DEP203,1.0,1.0,0,G48,direct
421,Ambroise Paré,Détection,DEP204,1.0,1.0,0,G49,direct
422,Ambroise Paré,Détection,DEP205,1.0,1.0,1.0,G50,direct
423,Ambroise Paré,Détection,DEP206,1.0,1.0,21.0,G51,direct
424,Ambroise Paré,Ventilation,VPB203,1.0,1.0,1.0,G52,direct
425,Ambroise Paré,Ventilation,VPT300,1.0,1.0,19.0,G53,direct
426,Ambroise Paré,Ventilation,VPT301,1.0,1.0,21.0,G54,direct
427,Ambroise Paré,Ventilation,VPT302,1.0,1.0,0.0,G55,direct
428,Ambroise Paré,Ventilation,VPT304,1.0,1.0,0.0,G56,direct
429,Ambroise Paré,Ventilation,VPT305,1.0,1.0,0.0,G57,direct
430,Ambroise Paré,Vidéo,VI MP 128,1.0,1.0,1.0,G58,direct
431,Ambroise Paré,Vidéo,VI MP 129,1.0,1.0,1.0,G59,direct
432,Ambroise Paré,Vidéo,VI MP 328,1.0,2.0,1.0,G60,direct
433,Ambroise Paré,Vidéo,VI MP 329,1.0,2.0,1.0,G61,direct
434,Ambroise Paré,Vidéo,VI MP 414,1.0,1.0,1.0,G62,direct
435,Ambroise Paré,Pompage,INP311,1.0,1.0,1.0,G63,direct
436,Ambroise Paré,Pompage,POP322,1.0,3.0,1.0,G64,direct
437,Ambroise Paré,Pompage,POE600,1.0,1.0,0.0,G65,direct
438,Ambroise Paré,Pompage,POE322,1.0,1.0,1.0,G66,direct
439,Ambroise Paré,Pompage,INP500,1.0,1.0,0,G67,direct
440,Ambroise Paré,Pompage,INP600,1.0,1.0,0.0,G68,direct
441,Ambroise Paré,Pompage,INP700,1.0,1.0,0,G69,direct
442,Ambroise Paré,Pompage,INP800,1.0,1.0,0.0,G70,direct
443,Ambroise Paré,Pompage,INP900,1.0,1.0,0.0,G71,direct
444,Ambroise Paré,Pompage,INP901,1.0,1.0,0,G72,direct
445,Belle-Rive,Bâtiment,VJO008,1.0,6.0,2.0,G3,sum_2
446,Belle-Rive,Bâtiment,VJO009,,,,,
447,Belle-Rive,Bâtiment,VNO008,1.0,6.0,2.0,G4,sum_2
448,Belle-Rive,Bâtiment,VNO009,,,,,
449,Belle-Rive,Bâtiment,MPO008,1.0,1.0,2.0,G5,sum_2
450,Belle-Rive,Bâtiment,MPO009,,,,,
451,Belle-Rive,Propreté,POL005,1.0,2.0,2.0,G6,direct
452,Belle-Rive,ContReg,CRC106,1.0,1.0,1.0,G7,direct
453,Belle-Rive,ContReg,CRC107,1.0,0.5,1.0,G8,direct
454,Belle-Rive,ContReg,CRO113,1.0,1.0,1.0,G9,sum_3
455,Belle-Rive,ContReg,CRO114,,,,,
456,Belle-Rive,ContReg,CRO115,,,,,
457,Belle-Rive,ContReg,CRC101,1.0,1.0,0.0,G10,direct
458,Belle-Rive,ContReg,CRC102,1.0,1.0,2.0,G11,direct
459,Belle-Rive,ContReg,CRC103,1.0,1.0,0.0,G12,direct
460,Belle-Rive,Eclairage,ECPB05,1.0,2.0,2.0,G13,direct
461,Belle-Rive,Eclairage,ECPB20,1.0,2.0,2.0,G14,direct
462,Belle-Rive,Eclairage,ECPB66,1.0,0.4,2.0,G15,sum_3
463,Belle-Rive,Eclairage,ECPB67,,,,,
464,Belle-Rive,Eclairage,ECPB68,,,,,
465,Belle-Rive,AEV,AEFB14,1.0,2.0,2.0,G16,direct
466,Belle-Rive,AEV,AEPB14,1.0,2.0,2.0,G17,direct
467,Belle-Rive,AEV,AEV08,1.0,1.0,13.0,G18,direct
468,Belle-Rive,Automate,AUPR13,1.0,1.0,1.0,G19,direct
469,Belle-Rive,Automate,AUPR14,1.0,1.0,1.0,G20,direct
470,Belle-Rive,Automate,AUPR47,1.0,1.0,5.0,G21,direct
471,Belle-Rive,Automate,AUPR48,1.0,1.0,0,G22,direct
472,Belle-Rive,PAU/TSE,RAU-PO08,1.0,1.0,1.0,G23,direct
473,Belle-Rive,PAU/TSE,TSE-PO08,1.0,1.0,1.0,G24,direct
474,Belle-Rive,MEC,915,1.0,0.5,1.0,G25,direct
475,Belle-Rive,MEC,922,1.0,0.5,1.0,G26,direct
476,Belle-Rive,MEC,929,1.0,0.0,1.0,G27,direct
477,Belle-Rive,MEC,945,1.0,0.5,1.0,G28,direct
478,Belle-Rive,MEC,952,1.0,0.5,1.0,G29,direct
479,Belle-Rive,MEC,959,1.0,0.0,1.0,G30,direct
480,Belle-Rive,MEC,966,1.0,0.5,1.0,G31,direct
481,Belle-Rive,MEC,972,1.0,0.5,1.0,G32,direct
482,Belle-Rive,MEC,978,1.0,0.0,1.0,G33,direct
483,Belle-Rive,MEC,986,1.0,1.0,1.0,G34,direct
484,Belle-Rive,MEC,401,1.0,0.5,4.0,G35,direct
485,Belle-Rive,MEC,402,1.0,0.5,4.0,G36,direct
486,Belle-Rive,Onduleur,ONP001,1.0,1.0,5.0,G37,direct
487,Belle-Rive,Onduleur,ONP002,1.0,1.0,0,G38,direct
488,Belle-Rive,Onduleur,ONP003,1.0,1.0,0,G39,direct
489,Belle-Rive,Onduleur,ONP004,1.0,1.0,0,G40,direct
490,Belle-Rive,Onduleur,ONP005,1.0,0.5,5.0,G41,direct
491,Belle-Rive,Détection,DEP005,1.0,4.0,2.0,G42,direct
492,Belle-Rive,Détection,DEP027,1.0,1.0,3.0,G43,direct
493,Belle-Rive,Détection,DEP100,1.0,1.0,1.0,G44,direct
494,Belle-Rive,Détection,DEP200,1.0,1.0,36.0,G45,direct
495,Belle-Rive,Détection,DEP201,1.0,1.0,1.0,G46,direct
496,Belle-Rive,Détection,DEP202,1.0,1.0,0,G47,direct
497,Belle-Rive,Détection,DEP203,1.0,1.0,5.0,G48,direct
498,Belle-Rive,Détection,DEP204,1.0,1.0,0,G49,direct
499,Belle-Rive,Détection,DEP205,1.0,1.0,5.0,G50,direct
500,Belle-Rive,Détection,DEP206,1.0,1.0,16.0,G51,direct
501,Belle-Rive,Ventilation,VPO200,1.0,1.0,1.0,G52,direct
502,Belle-Rive,Ventilation,VPT300,1.0,1.0,0.0,G53,direct
503,Belle-Rive,Ventilation,VPT301,1.0,1.0,0.0,G54,direct
504,Belle-Rive,Ventilation,VPT302,1.0,1.0,0.0,G55,direct
505,Belle-Rive,Ventilation,VPT304,1.0,1.0,0.0,G56,direct
506,Belle-Rive,Ventilation,VPT305,1.0,1.0,0.0,G57,direct
507,Belle-Rive,Vidéo,VI MP 124,1.0,1.0,1.0,G58,direct
508,Belle-Rive,Vidéo,VI MP 125,1.0,1.0,1.0,G59,direct
509,Belle-Rive,Vidéo,VI MP 324,1.0,2.0,1.0,G60,direct
510,Belle-Rive,Vidéo,VI MP 325,1.0,2.0,1.0,G61,direct
511,Belle-Rive,Vidéo,VI MP 412,1.0,1.0,1.0,G62,direct
512,Belle-Rive,Pompage,INP301,1.0,1.0,1.0,G63,direct
513,Belle-Rive,Pompage,POP319,1.0,3.0,1.0,G64,sum_3
514,Belle-Rive,Pompage,POP320,,,,,
515,Belle-Rive,Pompage,POP321,,,,,
516,Belle-Rive,Pompage,POE600,1.0,1.0,0.0,G65,direct
517,Belle-Rive,Pompage,POE319,1.0,1.0,3.0,G66,sum_3
518,Belle-Rive,Pompage,POE320,,,,,
519,Belle-Rive,Pompage,POE321,,,,,
520,Belle-Rive,Pompage,INP500,1.0,1.0,0,G67,direct
521,Belle-Rive,Pompage,INP600,1.0,1.0,0.0,G68,direct
522,Belle-Rive,Pompage,INP700,1.0,1.0,0,G69,direct
523,Belle-Rive,Pompage,INP800,1.0,1.0,0.0,G70,direct
524,Belle-Rive,Pompage,INP900,1.0,1.0,0.0,G71,direct
525,Belle-Rive,Pompage,INP901,1.0,1.0,0,G72,direct
526,Chennevières,Bâtiment,VJO003,1.0,6.0,1.0,G3,direct
527,Chennevières,Bâtiment,VNO003,1.0,6.0,1.0,G4,direct
528,Chennevières,Bâtiment,MPO003,1.0,1.0,1.0,G5,direct
529,Chennevières,Propreté,POL001,1.0,2.0,2.0,G6,direct
530,Chennevières,ContReg,CRC106,1.0,1.0,1.0,G7,direct
531,Chennevières,ContReg,CRC107,1.0,0.5,1.0,G8,direct
532,Chennevières,ContReg,CRO123,1.0,1.0,1.0,G9,direct
533,Chennevières,ContReg,CRC101,1.0,1.0,0.0,G10,direct
534,Chennevières,ContReg,CRC102,1.0,1.0,0,G11,direct
535,Chennevières,ContReg,CRC103,1.0,1.0,0.0,G12,direct
536,Chennevières,Eclairage,ECPB02,1.0,2.0,2.0,G13,direct
537,Chennevières,Eclairage,ECPB12,1.0,2.0,2.0,G14,direct
538,Chennevières,Eclairage,ECPB54,1.0,0.4,2.0,G15,sum_3
539,Chennevières,Eclairage,ECPB55,,,,,
540,Chennevières,Eclairage,ECPB56,,,,,
541,Chennevières,AEV,AEFB11,1.0,2.0,2.0,G16,direct
542,Chennevières,AEV,AEPB11,1.0,2.0,2.0,G17,direct
543,Chennevières,AEV,AEV08,1.0,1.0,6.0,G18,direct
544,Chennevières,Automate,AUPR15,1.0,1.0,1.0,G19,direct
545,Chennevières,Automate,AUPR16,1.0,1.0,1.0,G20,direct
546,Chennevières,Automate,AUPR47,1.0,1.0,0,G21,direct
547,Chennevières,Automate,AUPR48,1.0,1.0,0,G22,direct
548,Chennevières,PAU/TSE,RAU-PO06,1.0,1.0,1.0,G23,direct
549,Chennevières,PAU/TSE,TSE-PO06,1.0,1.0,1.0,G24,direct
550,Chennevières,MEC,1011,1.0,0.5,1.0,G25,direct
551,Chennevières,MEC,1015,1.0,0.5,1.0,G26,direct
552,Chennevières,MEC,1019,1.0,0.0,1.0,G27,direct
553,Chennevières,MEC,1030,1.0,0.5,1.0,G28,direct
554,Chennevières,MEC,1035,1.0,0.5,1.0,G29,direct
555,Chennevières,MEC,1040,1.0,0.0,1.0,G30,direct
556,Chennevières,MEC,1050,1.0,0.5,1.0,G31,direct
557,Chennevières,MEC,1056,1.0,0.5,1.0,G32,direct
558,Chennevières,MEC,1062,1.0,0.0,1.0,G33,direct
559,Chennevières,MEC,1070,1.0,1.0,1.0,G34,direct
560,Chennevières,MEC,401,1.0,0.5,0,G35,direct
561,Chennevières,MEC,402,1.0,0.5,0,G36,direct
562,Chennevières,Onduleur,ONP001,1.0,1.0,0,G37,direct
563,Chennevières,Onduleur,ONP002,1.0,1.0,1.0,G38,direct
564,Chennevières,Onduleur,ONP003,1.0,1.0,0,G39,direct
565,Chennevières,Onduleur,ONP004,1.0,1.0,0,G40,direct
566,Chennevières,Onduleur,ONP005,1.0,0.5,1.0,G41,direct
567,Chennevières,Détection,DEP001,1.0,4.0,2.0,G42,direct
568,Chennevières,Détection,DEP027,1.0,1.0,2.0,G43,direct
569,Chennevières,Détection,DEP100,1.0,1.0,1.0,G44,direct
570,Chennevières,Détection,DEP200,1.0,1.0,13.0,G45,direct
571,Chennevières,Détection,DEP201,1.0,1.0,0,G46,direct
572,Chennevières,Détection,DEP202,1.0,1.0,0,G47,direct
573,Chennevières,Détection,DEP203,1.0,1.0,0,G48,direct
574,Chennevières,Détection,DEP204,1.0,1.0,0,G49,direct
575,Chennevières,Détection,DEP205,1.0,1.0,0,G50,direct
576,Chennevières,Détection,DEP206,1.0,1.0,10.0,G51,direct
577,Chennevières,Ventilation,VPB200,1.0,1.0,1.0,G52,direct
578,Chennevières,Ventilation,VPT300,1.0,1.0,0.0,G53,direct
579,Chennevières,Ventilation,VPT301,1.0,1.0,0.0,G54,direct
580,Chennevières,Ventilation,VPT302,1.0,1.0,0.0,G55,direct
581,Chennevières,Ventilation,VPT304,1.0,1.0,0.0,G56,direct
582,Chennevières,Ventilation,VPT305,1.0,1.0,0.0,G57,direct
583,Chennevières,Vidéo,VI MP 134,1.0,1.0,1.0,G58,direct
584,Chennevières,Vidéo,VI MP 135,1.0,1.0,1.0,G59,direct
585,Chennevières,Vidéo,VI MP 334,1.0,2.0,1.0,G60,direct
586,Chennevières,Vidéo,VI MP 335,1.0,2.0,1.0,G61,direct
587,Chennevières,Vidéo,VI MP 417,1.0,1.0,1.0,G62,direct
588,Chennevières,Pompage,INP304,1.0,1.0,1.0,G63,direct
589,Chennevières,Pompage,POE600,1.0,1.0,0.0,G65,direct
590,Chennevières,Pompage,INP500,1.0,1.0,0,G67,direct
591,Chennevières,Pompage,INP600,1.0,1.0,0.0,G68,direct
592,Chennevières,Pompage,INP700,1.0,1.0,0,G69,direct
593,Chennevières,Pompage,INP800,1.0,1.0,0.0,G70,direct
594,Chennevières,Pompage,INP900,1.0,1.0,0.0,G71,direct
595,Chennevières,Pompage,INP901,1.0,1.0,0,G72,direct
596,Fontenay,Bâtiment,VJO004,1.0,6.0,2.0,G3,sum_2
597,Fontenay,Bâtiment,VJO005,,,,,
598,Fontenay,Bâtiment,VNO004,1.0,6.0,2.0,G4,sum_2
599,Fontenay,Bâtiment,VNO005,,,,,
600,Fontenay,Bâtiment,MPO004,1.0,1.0,2.0,G5,sum_2
601,Fontenay,Bâtiment,MPO005,,,,,
602,Fontenay,Propreté,POL002,1.0,2.0,2.0,G6,direct
603,Fontenay,ContReg,CRC106,1.0,1.0,1.0,G7,direct
604,Fontenay,ContReg,CRC107,1.0,0.5,1.0,G8,direct
605,Fontenay,ContReg,CRO122,1.0,1.0,1.0,G9,direct
606,Fontenay,ContReg,CRC101,1.0,1.0,0.0,G10,direct
607,Fontenay,ContReg,CRC102,1.0,1.0,0,G11,direct
608,Fontenay,ContReg,CRC103,1.0,1.0,0.0,G12,direct
609,Fontenay,Eclairage,ECPB03,1.0,2.0,2.0,G13,direct
610,Fontenay,Eclairage,ECPB14,1.0,2.0,2.0,G14,direct
611,Fontenay,Eclairage,ECPB57,1.0,0.4,2.0,G15,sum_3
612,Fontenay,Eclairage,ECPB58,,,,,
613,Fontenay,Eclairage,ECPB59,,,,,
614,Fontenay,AEV,AEFB12,1.0,2.0,2.0,G16,direct
615,Fontenay,AEV,AEPB12,1.0,2.0,2.0,G17,direct
616,Fontenay,AEV,AEV08,1.0,1.0,16.0,G18,direct
617,Fontenay,Automate,AUPR17,1.0,1.0,1.0,G19,direct
618,Fontenay,Automate,AUPR18,1.0,1.0,1.0,G20,direct
619,Fontenay,Automate,AUPR47,1.0,1.0,1.0,G21,direct
620,Fontenay,Automate,AUPR48,1.0,1.0,0,G22,direct
621,Fontenay,PAU/TSE,RAU-PO07,1.0,1.0,1.0,G23,direct
622,Fontenay,PAU/TSE,TSE-PO07,1.0,1.0,1.0,G24,direct
623,Fontenay,MEC,1010,1.0,0.5,1.0,G25,direct
624,Fontenay,MEC,1014,1.0,0.5,1.0,G26,direct
625,Fontenay,MEC,1018,1.0,0.0,1.0,G27,direct
626,Fontenay,MEC,1034,1.0,0.5,1.0,G28,direct
627,Fontenay,MEC,1039,1.0,0.5,1.0,G29,direct
628,Fontenay,MEC,1044,1.0,0.0,1.0,G30,direct
629,Fontenay,MEC,1055,1.0,0.5,1.0,G31,direct
630,Fontenay,MEC,1061,1.0,0.5,1.0,G32,direct
631,Fontenay,MEC,1067,1.0,0.0,1.0,G33,direct
632,Fontenay,MEC,1071,1.0,1.0,1.0,G34,direct
633,Fontenay,MEC,401,1.0,0.5,4.0,G35,direct
634,Fontenay,MEC,402,1.0,0.5,4.0,G36,direct
635,Fontenay,Onduleur,ONP001,1.0,1.0,1.0,G37,direct
636,Fontenay,Onduleur,ONP002,1.0,1.0,0,G38,direct
637,Fontenay,Onduleur,ONP003,1.0,1.0,0,G39,direct
638,Fontenay,Onduleur,ONP004,1.0,1.0,0,G40,direct
639,Fontenay,Onduleur,ONP005,1.0,0.5,1.0,G41,direct
640,Fontenay,Détection,DEP002,1.0,4.0,2.0,G42,direct
641,Fontenay,Détection,DEP027,1.0,1.0,2.0,G43,direct
642,Fontenay,Détection,DEP100,1.0,1.0,1.0,G44,direct
643,Fontenay,Détection,DEP200,1.0,1.0,24.0,G45,direct
644,Fontenay,Détection,DEP201,1.0,1.0,0,G46,direct
645,Fontenay,Détection,DEP202,1.0,1.0,0,G47,direct
646,Fontenay,Détection,DEP203,1.0,1.0,0,G48,direct
647,Fontenay,Détection,DEP204,1.0,1.0,0,G49,direct
648,Fontenay,Détection,DEP205,1.0,1.0,0,G50,direct
649,Fontenay,Détection,DEP206,1.0,1.0,0,G51,direct
650,Fontenay,Ventilation,VPB201,1.0,1.0,1.0,G52,direct
651,Fontenay,Ventilation,VPT300,1.0,1.0,0.0,G53,direct
652,Fontenay,Ventilation,VPT301,1.0,1.0,0.0,G54,direct
653,Fontenay,Ventilation,VPT302,1.0,1.0,0.0,G55,direct
654,Fontenay,Ventilation,VPT304,1.0,1.0,0.0,G56,direct
655,Fontenay,Ventilation,VPT305,1.0,1.0,0.0,G57,direct
656,Fontenay,Vidéo,VI MP 130,1.0,1.0,1.0,G58,direct
657,Fontenay,Vidéo,VI MP 131,1.0,1.0,1.0,G59,direct
658,Fontenay,Vidéo,VI MP 330,1.0,2.0,1.0,G60,direct
659,Fontenay,Vidéo,VI MP 331,1.0,2.0,1.0,G61,direct
660,Fontenay,Vidéo,VI MP 415,1.0,1.0,1.0,G62,direct
661,Fontenay,Pompage,INP306,1.0,1.0,1.0,G63,direct
662,Fontenay,Pompage,POE600,1.0,1.0,0.0,G65,direct
663,Fontenay,Pompage,INP500,1.0,1.0,0,G67,direct
664,Fontenay,Pompage,INP600,1.0,1.0,0.0,G68,direct
665,Fontenay,Pompage,INP700,1.0,1.0,0,G69,direct
666,Fontenay,Pompage,INP800,1.0,1.0,0.0,G70,direct
667,Fontenay,Pompage,INP900,1.0,1.0,0.0,G71,direct
668,Fontenay,Pompage,INP901,1.0,1.0,0,G72,direct
669,La Défense,Bâtiment,VJO010,1.0,6.0,0,G3,sum_2
670,La Défense,Bâtiment,VJO011,,,,,
671,La Défense,Bâtiment,VNO010,1.0,6.0,0,G4,sum_2
672,La Défense,Bâtiment,VNO011,,,,,
673,La Défense,Bâtiment,MPO010,1.0,1.0,0,G5,sum_2
674,La Défense,Bâtiment,MPO011,,,,,
675,La Défense,Propreté,POL007,1.0,2.0,2.0,G6,direct
676,La Défense,ContReg,CRC106,1.0,1.0,1.0,G7,direct
677,La Défense,ContReg,CRC107,1.0,0.5,1.0,G8,direct
678,La Défense,ContReg,CRS106,1.0,1.0,1.0,G9,direct
679,La Défense,ContReg,CRC101,1.0,1.0,0.0,G10,direct
680,La Défense,ContReg,CRC102,1.0,1.0,119.0,G11,direct
681,La Défense,ContReg,CRC103,1.0,1.0,0.0,G12,direct
682,La Défense,Eclairage,ECPO01,1.0,2.0,2.0,G13,sum_2
683,La Défense,Eclairage,ECPO02,,,,,
684,La Défense,Eclairage,ECPO10,1.0,2.0,2.0,G14,sum_2
685,La Défense,Eclairage,ECPO12,,,,,
686,La Défense,Eclairage,ECPO50,1.0,0.4,2.0,G15,sum_6
687,La Défense,Eclairage,ECPO51,,,,,
688,La Défense,Eclairage,ECPO52,,,,,
689,La Défense,Eclairage,ECPO53,,,,,
690,La Défense,Eclairage,ECPO54,,,,,
691,La Défense,Eclairage,ECPO55,,,,,
692,La Défense,AEV,AEFO10,1.0,2.0,2.0,G16,sum_2
693,La Défense,AEV,AEFO11,,,,,
694,La Défense,AEV,AEPO10,1.0,2.0,2.0,G17,sum_2
695,La Défense,AEV,AEPO11,,,,,
696,La Défense,AEV,AEV08,1.0,1.0,67.0,G18,direct
697,La Défense,Automate,AUPR03,1.0,1.0,1.0,G19,direct
698,La Défense,Automate,AUPR04,1.0,1.0,1.0,G20,direct
699,La Défense,Automate,AUPR47,1.0,1.0,8.0,G21,direct
700,La Défense,Automate,AUPR48,1.0,1.0,0,G22,direct
701,La Défense,PAU/TSE,RAU-PO01,1.0,1.0,1.0,G23,direct
702,La Défense,PAU/TSE,TSE-PO01,1.0,1.0,1.0,G24,direct
703,La Défense,MEC,910,1.0,0.5,1.0,G25,sum_2
704,La Défense,MEC,911,,,,,
705,La Défense,MEC,917,1.0,0.5,1.0,G26,sum_2
706,La Défense,MEC,918,,,,,
707,La Défense,MEC,924,1.0,0.0,1.0,G27,sum_2
708,La Défense,MEC,925,,,,,
709,La Défense,MEC,940,1.0,0.5,1.0,G28,sum_2
710,La Défense,MEC,941,,,,,
711,La Défense,MEC,947,1.0,0.5,1.0,G29,sum_2
712,La Défense,MEC,948,,,,,
713,La Défense,MEC,954,1.0,0.0,1.0,G30,sum_2
714,La Défense,MEC,955,,,,,
715,La Défense,MEC,961,1.0,0.5,1.0,G31,sum_2
716,La Défense,MEC,962,,,,,
717,La Défense,MEC,967,1.0,0.5,1.0,G32,sum_2
718,La Défense,MEC,968,,,,,
719,La Défense,MEC,973,1.0,0.0,1.0,G33,sum_2
720,La Défense,MEC,974,,,,,
721,La Défense,MEC,980,1.0,1.0,1.0,G34,sum_2
722,La Défense,MEC,981,,,,,
723,La Défense,MEC,401,1.0,0.5,7.0,G35,direct
724,La Défense,MEC,402,1.0,0.5,7.0,G36,direct
725,La Défense,Onduleur,ONP001,1.0,1.0,4.0,G37,direct
726,La Défense,Onduleur,ONP002,1.0,1.0,4.0,G38,direct
727,La Défense,Onduleur,ONP003,1.0,1.0,7.0,G39,direct
728,La Défense,Onduleur,ONP004,1.0,1.0,0,G40,direct
729,La Défense,Onduleur,ONP005,1.0,0.5,15.0,G41,direct
730,La Défense,Détection,DEP006,1.0,4.0,2.0,G42,direct
731,La Défense,Détection,DEP027,1.0,1.0,1.0,G43,direct
732,La Défense,Détection,DEP103,1.0,1.0,1.0,G44,direct
733,La Défense,Détection,DEP200,1.0,1.0,143.0,G45,direct
734,La Défense,Détection,DEP201,1.0,1.0,21.0,G46,direct
735,La Défense,Détection,DEP202,1.0,1.0,0,G47,direct
736,La Défense,Détection,DEP203,1.0,1.0,38.0,G48,direct
737,La Défense,Détection,DEP204,1.0,1.0,1.0,G49,direct
738,La Défense,Détection,DEP205,1.0,1.0,3.0,G50,direct
739,La Défense,Détection,DEP206,1.0,1.0,107.0,G51,direct
740,La Défense,Ventilation,VPO201,1.0,1.0,0,G52,direct
741,La Défense,Ventilation,VPT300,1.0,1.0,52.0,G53,direct
742,La Défense,Ventilation,VPT301,1.0,1.0,0.0,G54,direct
743,La Défense,Ventilation,VPT302,1.0,1.0,0.0,G55,direct
744,La Défense,Ventilation,VPT304,1.0,1.0,0.0,G56,direct
745,La Défense,Ventilation,VPT305,1.0,1.0,0.0,G57,direct
746,La Défense,Vidéo,VI MP 122,1.0,1.0,1.0,G58,direct
747,La Défense,Vidéo,VI MP 123,1.0,1.0,1.0,G59,direct
748,La Défense,Vidéo,VI MP 322,1.0,2.0,1.0,G60,direct
749,La Défense,Vidéo,VI MP 323,1.0,2.0,1.0,G61,direct
750,La Défense,Vidéo,VI MP 411,1.0,1.0,1.0,G62,direct
751,La Défense,Pompage,INP302,1.0,1.0,1.0,G63,direct
752,La Défense,Pompage,POP312,1.0,3.0,1.0,G64,sum_2
753,La Défense,Pompage,POP313,,,,,
754,La Défense,Pompage,POE600,1.0,1.0,0.0,G65,direct
755,La Défense,Pompage,POE312,1.0,1.0,3.0,G66,sum_2
756,La Défense,Pompage,POE313,,,,,
757,La Défense,Pompage,INP500,1.0,1.0,4.0,G67,direct
758,La Défense,Pompage,INP600,1.0,1.0,0.0,G68,direct
759,La Défense,Pompage,INP700,1.0,1.0,0,G69,direct
760,La Défense,Pompage,INP800,1.0,1.0,0.0,G70,direct
761,La Défense,Pompage,INP900,1.0,1.0,0.0,G71,direct
762,La Défense,Pompage,INP901,1.0,1.0,11.0,G72,direct
763,Nanterre Centre,Bâtiment,VJO006,1.0,6.0,1.0,G3,sum_2
764,Nanterre Centre,Bâtiment,VJO007,,,,,
765,Nanterre Centre,Bâtiment,VNO006,1.0,6.0,1.0,G4,sum_2
766,Nanterre Centre,Bâtiment,VNO007,,,,,
767,Nanterre Centre,Bâtiment,MPO006,1.0,1.0,1.0,G5,sum_2
768,Nanterre Centre,Bâtiment,MPO007,,,,,
769,Nanterre Centre,Propreté,POL006,1.0,2.0,1.0,G6,direct
770,Nanterre Centre,ContReg,CRC106,1.0,1.0,1.0,G7,direct
771,Nanterre Centre,ContReg,CRC107,1.0,0.5,1.0,G8,direct
772,Nanterre Centre,ContReg,CRO103,1.0,1.0,0.5,G9,sum_10
773,Nanterre Centre,ContReg,CRO104,,,,,
774,Nanterre Centre,ContReg,CRO105,,,,,
775,Nanterre Centre,ContReg,CRO106,,,,,
776,Nanterre Centre,ContReg,CRO107,,,,,
777,Nanterre Centre,ContReg,CRO108,,,,,
778,Nanterre Centre,ContReg,CRO109,,,,,
779,Nanterre Centre,ContReg,CRO110,,,,,
780,Nanterre Centre,ContReg,CRO111,,,,,
781,Nanterre Centre,ContReg,CRO112,,,,,
782,Nanterre Centre,ContReg,CRC101,1.0,1.0,0.0,G10,direct
783,Nanterre Centre,ContReg,CRC102,1.0,1.0,32.0,G11,direct
784,Nanterre Centre,ContReg,CRC103,1.0,1.0,0.0,G12,direct
785,Nanterre Centre,Eclairage,ECPO03,1.0,2.0,2.0,G13,sum_2
786,Nanterre Centre,Eclairage,ECPO04,,,,,
787,Nanterre Centre,Eclairage,ECPO14,1.0,2.0,2.0,G14,sum_2
788,Nanterre Centre,Eclairage,ECPO16,,,,,
789,Nanterre Centre,Eclairage,ECPO50,1.0,0.4,0,G15,sum_6
790,Nanterre Centre,Eclairage,ECPO51,,,,,
791,Nanterre Centre,Eclairage,ECPO52,,,,,
792,Nanterre Centre,Eclairage,ECPO53,,,,,
793,Nanterre Centre,Eclairage,ECPO54,,,,,
794,Nanterre Centre,Eclairage,ECPO55,,,,,
795,Nanterre Centre,AEV,AEFO12,1.0,2.0,2.0,G16,sum_2
796,Nanterre Centre,AEV,AEFO13,,,,,
797,Nanterre Centre,AEV,AEPO12,1.0,2.0,2.0,G17,sum_2
798,Nanterre Centre,AEV,AEPO13,,,,,
799,Nanterre Centre,AEV,AEV08,1.0,1.0,22.0,G18,direct
800,Nanterre Centre,Automate,AUPR05,1.0,1.0,1.0,G19,direct
801,Nanterre Centre,Automate,AUPR06,1.0,1.0,1.0,G20,direct
802,Nanterre Centre,Automate,AUPR47,1.0,1.0,3.0,G21,direct
803,Nanterre Centre,Automate,AUPR48,1.0,1.0,0,G22,direct
804,Nanterre Centre,PAU/TSE,RAU-PO03,1.0,1.0,1.0,G23,direct
805,Nanterre Centre,PAU/TSE,TSE-PO03,1.0,1.0,1.0,G24,direct
806,Nanterre Centre,MEC,912,1.0,0.5,0.5,G25,direct
807,Nanterre Centre,MEC,919,1.0,0.5,0.5,G26,direct
808,Nanterre Centre,MEC,926,1.0,0.0,0.5,G27,direct
809,Nanterre Centre,MEC,942,1.0,0.5,0.5,G28,direct
810,Nanterre Centre,MEC,949,1.0,0.5,0.5,G29,direct
811,Nanterre Centre,MEC,956,1.0,0.0,0.5,G30,direct
812,Nanterre Centre,MEC,963,1.0,0.5,0.5,G31,direct
813,Nanterre Centre,MEC,969,1.0,0.5,0.5,G32,direct
814,Nanterre Centre,MEC,975,1.0,0.0,0.5,G33,direct
815,Nanterre Centre,MEC,982,1.0,1.0,1.0,G34,direct
816,Nanterre Centre,MEC,401,1.0,0.5,6.0,G35,direct
817,Nanterre Centre,MEC,402,1.0,0.5,6.0,G36,direct
818,Nanterre Centre,Onduleur,ONP001,1.0,1.0,1.0,G37,direct
819,Nanterre Centre,Onduleur,ONP002,1.0,1.0,1.0,G38,direct
820,Nanterre Centre,Onduleur,ONP003,1.0,1.0,1.0,G39,direct
821,Nanterre Centre,Onduleur,ONP004,1.0,1.0,0,G40,direct
822,Nanterre Centre,Onduleur,ONP005,1.0,0.5,3.0,G41,direct
823,Nanterre Centre,Détection,DEP008,1.0,4.0,2.0,G42,direct
824,Nanterre Centre,Détection,DEP027,1.0,1.0,4.0,G43,direct
825,Nanterre Centre,Détection,DEP101,1.0,1.0,1.0,G44,direct
826,Nanterre Centre,Détection,DEP200,1.0,1.0,26.0,G45,direct
827,Nanterre Centre,Détection,DEP201,1.0,1.0,0,G46,direct
828,Nanterre Centre,Détection,DEP202,1.0,1.0,0,G47,direct
829,Nanterre Centre,Détection,DEP203,1.0,1.0,8.0,G48,direct
830,Nanterre Centre,Détection,DEP204,1.0,1.0,0,G49,direct
831,Nanterre Centre,Détection,DEP205,1.0,1.0,0,G50,direct
832,Nanterre Centre,Détection,DEP206,1.0,1.0,0,G51,direct
833,Nanterre Centre,Ventilation,VPO201,1.0,1.0,0,G52,direct
834,Nanterre Centre,Ventilation,VPT300,1.0,1.0,0.0,G53,direct
835,Nanterre Centre,Ventilation,VPT301,1.0,1.0,39.0,G54,direct
836,Nanterre Centre,Ventilation,VPT302,1.0,1.0,0.0,G55,direct
837,Nanterre Centre,Ventilation,VPT304,1.0,1.0,0.0,G56,direct
838,Nanterre Centre,Ventilation,VPT305,1.0,1.0,0.0,G57,direct
839,Nanterre Centre,Vidéo,VI MP 120,1.0,1.0,1.0,G58,direct
840,Nanterre Centre,Vidéo,VI MP 121,1.0,1.0,1.0,G59,direct
841,Nanterre Centre,Vidéo,VI MP 320,1.0,2.0,1.0,G60,direct
842,Nanterre Centre,Vidéo,VI MP 321,1.0,2.0,1.0,G61,direct
843,Nanterre Centre,Vidéo,VI MP 410,1.0,1.0,1.0,G62,direct
844,Nanterre Centre,Pompage,INP307,1.0,1.0,1.0,G63,direct
845,Nanterre Centre,Pompage,POE600,1.0,1.0,0.0,G65,direct
846,Nanterre Centre,Pompage,INP500,1.0,1.0,1.0,G67,direct
847,Nanterre Centre,Pompage,INP600,1.0,1.0,0.0,G68,direct
848,Nanterre Centre,Pompage,INP700,1.0,1.0,0,G69,direct
849,Nanterre Centre,Pompage,INP800,1.0,1.0,0.0,G70,direct
850,Nanterre Centre,Pompage,INP900,1.0,1.0,0.0,G71,direct
851,Nanterre Centre,Pompage,INP901,1.0,1.0,2.0,G72,direct
852,Nanterre échangeur,Bâtiment,VJO010,1.0,6.0,0,G3,sum_2
853,Nanterre échangeur,Bâtiment,VJO011,,,,,
854,Nanterre échangeur,Bâtiment,VNO010,1.0,6.0,0,G4,sum_2
855,Nanterre échangeur,Bâtiment,VNO011,,,,,
856,Nanterre échangeur,Bâtiment,MPO010,1.0,1.0,0,G5,sum_2
857,Nanterre échangeur,Bâtiment,MPO011,,,,,
858,Nanterre échangeur,Propreté,POL006,1.0,2.0,1.0,G6,direct
859,Nanterre échangeur,ContReg,CRC106,1.0,1.0,1.0,G7,direct
860,Nanterre échangeur,ContReg,CRC107,1.0,0.5,1.0,G8,direct
861,Nanterre échangeur,ContReg,CRO103,1.0,1.0,0.5,G9,sum_10
862,Nanterre échangeur,ContReg,CRO104,,,,,
863,Nanterre échangeur,ContReg,CRO105,,,,,
864,Nanterre échangeur,ContReg,CRO106,,,,,
865,Nanterre échangeur,ContReg,CRO107,,,,,
866,Nanterre échangeur,ContReg,CRO108,,,,,
867,Nanterre échangeur,ContReg,CRO109,,,,,
868,Nanterre échangeur,ContReg,CRO110,,,,,
869,Nanterre échangeur,ContReg,CRO111,,,,,
870,Nanterre échangeur,ContReg,CRO112,,,,,
871,Nanterre échangeur,ContReg,CRC101,1.0,1.0,0.0,G10,direct
872,Nanterre échangeur,ContReg,CRC102,1.0,1.0,32.0,G11,direct
873,Nanterre échangeur,ContReg,CRC103,1.0,1.0,0.0,G12,direct
874,Nanterre échangeur,Eclairage,ECPO01,1.0,2.0,1.0,G13,sum_2
875,Nanterre échangeur,Eclairage,ECPO02,,,,,
876,Nanterre échangeur,Eclairage,ECPO10,1.0,2.0,1.0,G14,sum_2
877,Nanterre échangeur,Eclairage,ECPO12,,,,,
878,Nanterre échangeur,Eclairage,ECPO50,1.0,0.4,1.0,G15,sum_6
879,Nanterre échangeur,Eclairage,ECPO51,,,,,
880,Nanterre échangeur,Eclairage,ECPO52,,,,,
881,Nanterre échangeur,Eclairage,ECPO53,,,,,
882,Nanterre échangeur,Eclairage,ECPO54,,,,,
883,Nanterre échangeur,Eclairage,ECPO55,,,,,
884,Nanterre échangeur,AEV,AEFO10,1.0,2.0,1.0,G16,sum_2
885,Nanterre échangeur,AEV,AEFO11,,,,,
886,Nanterre échangeur,AEV,AEPO10,1.0,2.0,1.0,G17,sum_2
887,Nanterre échangeur,AEV,AEPO11,,,,,
888,Nanterre échangeur,AEV,AEV08,1.0,1.0,22.0,G18,direct
889,Nanterre échangeur,Automate,AUPR07,1.0,1.0,0.5,G19,direct
890,Nanterre échangeur,Automate,AUPR08,1.0,1.0,0.5,G20,direct
891,Nanterre échangeur,Automate,AUPR47,1.0,1.0,3.0,G21,direct
892,Nanterre échangeur,Automate,AUPR48,1.0,1.0,0,G22,direct
893,Nanterre échangeur,PAU/TSE,RAU-PO02,1.0,1.0,1.0,G23,direct
894,Nanterre échangeur,PAU/TSE,TSE-PO02,1.0,1.0,1.0,G24,direct
895,Nanterre échangeur,MEC,912,1.0,0.5,1.0,G25,direct
896,Nanterre échangeur,MEC,919,1.0,0.5,1.0,G26,direct
897,Nanterre échangeur,MEC,926,1.0,0.0,1.0,G27,direct
898,Nanterre échangeur,MEC,942,1.0,0.5,1.0,G28,direct
899,Nanterre échangeur,MEC,949,1.0,0.5,1.0,G29,direct
900,Nanterre échangeur,MEC,956,1.0,0.0,1.0,G30,direct
901,Nanterre échangeur,MEC,963,1.0,0.5,1.0,G31,direct
902,Nanterre échangeur,MEC,969,1.0,0.5,1.0,G32,direct
903,Nanterre échangeur,MEC,975,1.0,0.0,1.0,G33,direct
904,Nanterre échangeur,MEC,985,1.0,1.0,1.0,G34,direct
905,Nanterre échangeur,MEC,401,1.0,0.5,6.0,G35,direct
906,Nanterre échangeur,MEC,402,1.0,0.5,6.0,G36,direct
907,Nanterre échangeur,Onduleur,ONP001,1.0,1.0,1.0,G37,direct
908,Nanterre échangeur,Onduleur,ONP002,1.0,1.0,1.0,G38,direct
909,Nanterre échangeur,Onduleur,ONP003,1.0,1.0,1.0,G39,direct
910,Nanterre échangeur,Onduleur,ONP004,1.0,1.0,0,G40,direct
911,Nanterre échangeur,Onduleur,ONP005,1.0,0.5,3.0,G41,direct
912,Nanterre échangeur,Détection,DEP007,1.0,4.0,2.0,G42,direct
913,Nanterre échangeur,Détection,DEP027,1.0,1.0,4.0,G43,direct
914,Nanterre échangeur,Détection,DEP100,1.0,1.0,1.0,G44,direct
915,Nanterre échangeur,Détection,DEP200,1.0,1.0,26.0,G45,direct
916,Nanterre échangeur,Détection,DEP201,1.0,1.0,0,G46,direct
917,Nanterre échangeur,Détection,DEP202,1.0,1.0,0,G47,direct
918,Nanterre échangeur,Détection,DEP203,1.0,1.0,8.0,G48,direct
919,Nanterre échangeur,Détection,DEP204,1.0,1.0,0,G49,direct
920,Nanterre échangeur,Détection,DEP205,1.0,1.0,0,G50,direct
921,Nanterre échangeur,Détection,DEP206,1.0,1.0,0,G51,direct
922,Nanterre échangeur,Ventilation,VPO201,1.0,1.0,0,G52,direct
923,Nanterre échangeur,Ventilation,VPT300,1.0,1.0,0.0,G53,direct
924,Nanterre échangeur,Ventilation,VPT301,1.0,1.0,39.0,G54,direct
925,Nanterre échangeur,Ventilation,VPT302,1.0,1.0,0.0,G55,direct
926,Nanterre échangeur,Ventilation,VPT304,1.0,1.0,0.0,G56,direct
927,Nanterre échangeur,Ventilation,VPT305,1.0,1.0,0.0,G57,direct
928,Nanterre échangeur,Vidéo,VI MP 202,1.0,1.0,1.0,G58,direct
929,Nanterre échangeur,Vidéo,VI MP 119,1.0,1.0,1.0,G59,direct
930,Nanterre échangeur,Vidéo,VI MP 346,1.0,2.0,1.0,G60,direct
931,Nanterre échangeur,Vidéo,VI MP 319,1.0,2.0,1.0,G61,direct
932,Nanterre échangeur,Vidéo,VI MP 423,1.0,1.0,1.0,G62,direct
933,Nanterre échangeur,Pompage,INP305,1.0,1.0,1.0,G63,direct
934,Nanterre échangeur,Pompage,POP307,1.0,3.0,1.0,G64,sum_4
935,Nanterre échangeur,Pompage,POP308,,,,,
936,Nanterre échangeur,Pompage,POP309,,,,,
937,Nanterre échangeur,Pompage,POP310,,,,,
938,Nanterre échangeur,Pompage,POE600,1.0,1.0,0.0,G65,direct
939,Nanterre échangeur,Pompage,POE307,1.0,1.0,2.0,G66,sum_4
940,Nanterre échangeur,Pompage,POE308,,,,,
941,Nanterre échangeur,Pompage,POE309,,,,,
942,Nanterre échangeur,Pompage,POE310,,,,,
943,Nanterre échangeur,Pompage,INP500,1.0,1.0,1.0,G67,direct
944,Nanterre échangeur,Pompage,INP600,1.0,1.0,0.0,G68,direct
945,Nanterre échangeur,Pompage,INP700,1.0,1.0,0,G69,direct
946,Nanterre échangeur,Pompage,INP800,1.0,1.0,0.0,G70,direct
947,Nanterre échangeur,Pompage,INP900,1.0,1.0,0.0,G71,direct
948,Nanterre échangeur,Pompage,INP901,1.0,1.0,2.0,G72,direct
949,Neuilly,Bâtiment,VJO010,1.0,6.0,0,G3,sum_2
950,Neuilly,Bâtiment,VJO011,,,,,
951,Neuilly,Bâtiment,VNO010,1.0,6.0,0,G4,sum_2
952,Neuilly,Bâtiment,VNO011,,,,,
953,Neuilly,Bâtiment,MPO010,1.0,1.0,0,G5,sum_2
954,Neuilly,Bâtiment,MPO011,,,,,
955,Neuilly,Propreté,POL008,1.0,2.0,2.0,G6,direct
956,Neuilly,ContReg,CRC106,1.0,1.0,1.0,G7,direct
957,Neuilly,ContReg,CRC107,1.0,0.5,1.0,G8,direct
958,Neuilly,ContReg,CRO102,1.0,1.0,2.0,G9,direct
959,Neuilly,ContReg,CRC101,1.0,1.0,0.0,G10,direct
960,Neuilly,ContReg,CRC102,1.0,1.0,2.0,G11,direct
961,Neuilly,ContReg,CRC103,1.0,1.0,0.0,G12,direct
962,Neuilly,Eclairage,ECPO06,1.0,2.0,2.0,G13,direct
963,Neuilly,Eclairage,ECPO20,1.0,2.0,2.0,G14,direct
964,Neuilly,Eclairage,ECPO59,1.0,0.4,2.0,G15,sum_3
965,Neuilly,Eclairage,ECPO60,,,,,
966,Neuilly,Eclairage,ECPO61,,,,,
967,Neuilly,AEV,AEFO16,1.0,2.0,2.0,G16,direct
968,Neuilly,AEV,AEPO16,1.0,2.0,2.0,G17,direct
969,Neuilly,AEV,AEV08,1.0,1.0,6.0,G18,direct
970,Neuilly,Automate,AUPR01,1.0,1.0,1.0,G19,direct
971,Neuilly,Automate,AUPR02,1.0,1.0,1.0,G20,direct
972,Neuilly,Automate,AUPR47,1.0,1.0,0,G21,direct
973,Neuilly,Automate,AUPR48,1.0,1.0,0,G22,direct
974,Neuilly,PAU/TSE,RAU-PO04,1.0,1.0,1.0,G23,direct
975,Neuilly,PAU/TSE,TSE-PO04,1.0,1.0,1.0,G24,direct
976,Neuilly,MEC,913,1.0,0.5,1.0,G25,direct
977,Neuilly,MEC,920,1.0,0.5,1.0,G26,direct
978,Neuilly,MEC,927,1.0,0.0,1.0,G27,direct
979,Neuilly,MEC,943,1.0,0.5,1.0,G28,direct
980,Neuilly,MEC,950,1.0,0.5,1.0,G29,direct
981,Neuilly,MEC,957,1.0,0.0,1.0,G30,direct
982,Neuilly,MEC,964,1.0,0.5,1.0,G31,direct
983,Neuilly,MEC,970,1.0,0.5,1.0,G32,direct
984,Neuilly,MEC,976,1.0,0.0,1.0,G33,direct
985,Neuilly,MEC,983,1.0,1.0,1.0,G34,direct
986,Neuilly,MEC,401,1.0,0.5,0,G35,direct
987,Neuilly,MEC,402,1.0,0.5,0,G36,direct
988,Neuilly,Onduleur,ONP001,1.0,1.0,0,G37,direct
989,Neuilly,Onduleur,ONP002,1.0,1.0,2.0,G38,direct
990,Neuilly,Onduleur,ONP003,1.0,1.0,0,G39,direct
991,Neuilly,Onduleur,ONP004,1.0,1.0,0,G40,direct
992,Neuilly,Onduleur,ONP005,1.0,0.5,2.0,G41,direct
993,Neuilly,Détection,DEP009,1.0,4.0,2.0,G42,direct
994,Neuilly,Détection,DEP027,1.0,1.0,0,G43,direct
995,Neuilly,Détection,DEP100,1.0,1.0,1.0,G44,direct
996,Neuilly,Détection,DEP200,1.0,1.0,20.0,G45,direct
997,Neuilly,Détection,DEP201,1.0,1.0,1.0,G46,direct
998,Neuilly,Détection,DEP202,1.0,1.0,0,G47,direct
999,Neuilly,Détection,DEP203,1.0,1.0,1.0,G48,direct
1000,Neuilly,Détection,DEP204,1.0,1.0,0,G49,direct
1001,Neuilly,Détection,DEP205,1.0,1.0,0,G50,direct
1002,Neuilly,Détection,DEP206,1.0,1.0,8.0,G51,direct
1003,Neuilly,Ventilation,VPO202,1.0,1.0,1.0,G52,direct
1004,Neuilly,Ventilation,VPT300,1.0,1.0,0.0,G53,direct
1005,Neuilly,Ventilation,VPT301,1.0,1.0,0.0,G54,direct
1006,Neuilly,Ventilation,VPT302,1.0,1.0,0.0,G55,direct
1007,Neuilly,Ventilation,VPT304,1.0,1.0,0.0,G56,direct
1008,Neuilly,Ventilation,VPT305,1.0,1.0,0.0,G57,direct
1009,Neuilly,Vidéo,VI MP 116,1.0,1.0,1.0,G58,direct
1010,Neuilly,Vidéo,VI MP 117,1.0,1.0,1.0,G59,direct
1011,Neuilly,Vidéo,VI MP 316,1.0,2.0,1.0,G60,direct
1012,Neuilly,Vidéo,VI MP 317,1.0,2.0,1.0,G61,direct
1013,Neuilly,Vidéo,VI MP 408,1.0,1.0,1.0,G62,direct
1014,Neuilly,Pompage,POE600,1.0,1.0,0.0,G65,direct
1015,Neuilly,Pompage,INP500,1.0,1.0,0,G67,direct
1016,Neuilly,Pompage,INP600,1.0,1.0,0.0,G68,direct
1017,Neuilly,Pompage,INP700,1.0,1.0,0,G69,direct
1018,Neuilly,Pompage,INP800,1.0,1.0,0.0,G70,direct
1019,Neuilly,Pompage,INP900,1.0,1.0,0.0,G71,direct
1020,Neuilly,Pompage,INP901,1.0,1.0,2.0,G72,direct
1021,Saint-Cloud,Bâtiment,VJO001,1.0,6.0,1.0,G3,sum_2
1022,Saint-Cloud,Bâtiment,VJO002,,,,,
1023,Saint-Cloud,Bâtiment,VNO001,1.0,6.0,1.0,G4,sum_2
1024,Saint-Cloud,Bâtiment,VNO002,,,,,
1025,Saint-Cloud,Bâtiment,MPO001,1.0,1.0,1.0,G5,sum_2
1026,Saint-Cloud,Bâtiment,MPO002,,,,,
1027,Saint-Cloud,Propreté,POL003,1.0,2.0,2.0,G6,direct
1028,Saint-Cloud,ContReg,CRC106,1.0,1.0,1.0,G7,direct
1029,Saint-Cloud,ContReg,CRC107,1.0,0.5,1.0,G8,direct
1030,Saint-Cloud,ContReg,CRO119,1.0,1.0,1.0,G9,sum_3
1031,Saint-Cloud,ContReg,CRO120,,,,,
1032,Saint-Cloud,ContReg,CRO121,,,,,
1033,Saint-Cloud,ContReg,CRC101,1.0,1.0,0.0,G10,direct
1034,Saint-Cloud,ContReg,CRC102,1.0,1.0,2.0,G11,direct
1035,Saint-Cloud,ContReg,CRC103,1.0,1.0,0.0,G12,direct
1036,Saint-Cloud,Eclairage,ECPB04,1.0,2.0,2.0,G13,direct
1037,Saint-Cloud,Eclairage,ECPB16,1.0,2.0,2.0,G14,direct
1038,Saint-Cloud,Eclairage,ECPB60,1.0,0.4,2.0,G15,sum_6
1039,Saint-Cloud,Eclairage,ECPB61,,,,,
1040,Saint-Cloud,Eclairage,ECPB62,,,,,
1041,Saint-Cloud,Eclairage,ECPB63,,,,,
1042,Saint-Cloud,Eclairage,ECPB64,,,,,
1043,Saint-Cloud,Eclairage,ECPB65,,,,,
1044,Saint-Cloud,AEV,AEFB13,1.0,2.0,2.0,G16,direct
1045,Saint-Cloud,AEV,AEPB13,1.0,2.0,2.0,G17,direct
1046,Saint-Cloud,AEV,AEV08,1.0,1.0,23.0,G18,direct
1047,Saint-Cloud,Automate,AUPR19,1.0,1.0,1.0,G19,direct
1048,Saint-Cloud,Automate,AUPR20,1.0,1.0,1.0,G20,direct
1049,Saint-Cloud,Automate,AUPR47,1.0,1.0,1.0,G21,direct
1050,Saint-Cloud,Automate,AUPR48,1.0,1.0,0,G22,direct
1051,Saint-Cloud,PAU/TSE,RAU-PO10,1.0,1.0,1.0,G23,direct
1052,Saint-Cloud,PAU/TSE,TSE-PO10,1.0,1.0,1.0,G24,direct
1053,Saint-Cloud,MEC,1012,1.0,0.5,1.0,G25,direct
1054,Saint-Cloud,MEC,1016,1.0,0.5,1.0,G26,direct
1055,Saint-Cloud,MEC,1020,1.0,0.0,1.0,G27,direct
1056,Saint-Cloud,MEC,1031,1.0,0.5,1.0,G28,direct
1057,Saint-Cloud,MEC,1036,1.0,0.5,1.0,G29,direct
1058,Saint-Cloud,MEC,1041,1.0,0.0,1.0,G30,direct
1059,Saint-Cloud,MEC,1051,1.0,0.5,1.0,G31,direct
1060,Saint-Cloud,MEC,1057,1.0,0.5,1.0,G32,direct
1061,Saint-Cloud,MEC,1063,1.0,0.0,1.0,G33,direct
1062,Saint-Cloud,MEC,1072,1.0,1.0,1.0,G34,direct
1063,Saint-Cloud,MEC,401,1.0,0.5,4.0,G35,direct
1064,Saint-Cloud,MEC,402,1.0,0.5,4.0,G36,direct
1065,Saint-Cloud,Onduleur,ONP001,1.0,1.0,0,G37,direct
1066,Saint-Cloud,Onduleur,ONP002,1.0,1.0,3.0,G38,direct
1067,Saint-Cloud,Onduleur,ONP003,1.0,1.0,0,G39,direct
1068,Saint-Cloud,Onduleur,ONP004,1.0,1.0,0,G40,direct
1069,Saint-Cloud,Onduleur,ONP005,1.0,0.5,3.0,G41,direct
1070,Saint-Cloud,Détection,DEP003,1.0,4.0,2.0,G42,direct
1071,Saint-Cloud,Détection,DEP027,1.0,1.0,2.0,G43,direct
1072,Saint-Cloud,Détection,DEP100,1.0,1.0,1.0,G44,direct
1073,Saint-Cloud,Détection,DEP200,1.0,1.0,40.0,G45,direct
1074,Saint-Cloud,Détection,DEP201,1.0,1.0,8.0,G46,direct
1075,Saint-Cloud,Détection,DEP202,1.0,1.0,0,G47,direct
1076,Saint-Cloud,Détection,DEP203,1.0,1.0,0,G48,direct
1077,Saint-Cloud,Détection,DEP204,1.0,1.0,0,G49,direct
1078,Saint-Cloud,Détection,DEP205,1.0,1.0,1.0,G50,direct
1079,Saint-Cloud,Détection,DEP206,1.0,1.0,20.0,G51,direct
1080,Saint-Cloud,Ventilation,VPB202,1.0,1.0,1.0,G52,direct
1081,Saint-Cloud,Ventilation,VPT300,1.0,1.0,23.0,G53,direct
1082,Saint-Cloud,Ventilation,VPT301,1.0,1.0,14.0,G54,direct
1083,Saint-Cloud,Ventilation,VPT302,1.0,1.0,0.0,G55,direct
1084,Saint-Cloud,Ventilation,VPT304,1.0,1.0,0.0,G56,direct
1085,Saint-Cloud,Ventilation,VPT305,1.0,1.0,0.0,G57,direct
1086,Saint-Cloud,Vidéo,VI MP 126,1.0,1.0,1.0,G58,direct
1087,Saint-Cloud,Vidéo,VI MP 127,1.0,1.0,1.0,G59,direct
1088,Saint-Cloud,Vidéo,VI MP 326,1.0,2.0,1.0,G60,direct
1089,Saint-Cloud,Vidéo,VI MP 327,1.0,2.0,1.0,G61,direct
1090,Saint-Cloud,Vidéo,VI MP 413,1.0,1.0,1.0,G62,direct
1091,Saint-Cloud,Pompage,INP310,1.0,1.0,1.0,G63,direct
1092,Saint-Cloud,Pompage,POP324,1.0,3.0,1.0,G64,direct
1093,Saint-Cloud,Pompage,POE600,1.0,1.0,0.0,G65,direct
1094,Saint-Cloud,Pompage,POE324,1.0,1.0,1.0,G66,direct
1095,Saint-Cloud,Pompage,INP500,1.0,1.0,0,G67,direct
1096,Saint-Cloud,Pompage,INP600,1.0,1.0,0.0,G68,direct
1097,Saint-Cloud,Pompage,INP700,1.0,1.0,0,G69,direct
1098,Saint-Cloud,Pompage,INP800,1.0,1.0,0.0,G70,direct
1099,Saint-Cloud,Pompage,INP900,1.0,1.0,0.0,G71,direct
1100,Saint-Cloud,Pompage,INP901,1.0,1.0,0,G72,direct
1101,Sévines,Bâtiment,VJO012,1.0,6.0,1.0,G3,direct
1102,Sévines,Bâtiment,CRU203,1.0,6.0,1.0,G4,direct
1103,Sévines,Bâtiment,MPO012,1.0,1.0,1.0,G5,direct
1104,Sévines,Propreté,POL009,1.0,2.0,2.0,G6,direct
1105,Sévines,ContReg,CRC106,1.0,1.0,1.0,G7,direct
1106,Sévines,ContReg,CRC107,1.0,0.5,1.0,G8,direct
1107,Sévines,ContReg,CRO101,1.0,1.0,1.0,G9,direct
1108,Sévines,ContReg,CRC101,1.0,1.0,0.0,G10,direct
1109,Sévines,ContReg,CRC102,1.0,1.0,3.0,G11,direct
1110,Sévines,ContReg,CRC103,1.0,1.0,0.0,G12,direct
1111,Sévines,Eclairage,ECPO05,1.0,2.0,2.0,G13,direct
1112,Sévines,Eclairage,ECPO18,1.0,2.0,2.0,G14,direct
1113,Sévines,Eclairage,ECPO56,1.0,0.4,2.0,G15,sum_3
1114,Sévines,Eclairage,ECPO57,,,,,
1115,Sévines,Eclairage,ECPO58,,,,,
1116,Sévines,AEV,AEFO14,1.0,2.0,2.0,G16,direct
1117,Sévines,AEV,AEPO14,1.0,2.0,2.0,G17,direct
1118,Sévines,AEV,AEV08,1.0,1.0,6.0,G18,direct
1119,Sévines,Automate,AUPR09,1.0,1.0,1.0,G19,direct
1120,Sévines,Automate,AUPR10,1.0,1.0,1.0,G20,direct
1121,Sévines,Automate,AUPR47,1.0,1.0,1.0,G21,direct
1122,Sévines,Automate,AUPR48,1.0,1.0,0,G22,direct
1123,Sévines,PAU/TSE,RAU-PO05,1.0,1.0,1.0,G23,direct
1124,Sévines,PAU/TSE,TSE-PO05,1.0,1.0,1.0,G24,direct
1125,Sévines,MEC,914,1.0,0.5,1.0,G25,direct
1126,Sévines,MEC,921,1.0,0.5,1.0,G26,direct
1127,Sévines,MEC,928,1.0,0.0,1.0,G27,direct
1128,Sévines,MEC,944,1.0,0.5,1.0,G28,direct
1129,Sévines,MEC,951,1.0,0.5,1.0,G29,direct
1130,Sévines,MEC,958,1.0,0.0,1.0,G30,direct
1131,Sévines,MEC,965,1.0,0.5,1.0,G31,direct
1132,Sévines,MEC,971,1.0,0.5,1.0,G32,direct
1133,Sévines,MEC,977,1.0,0.0,1.0,G33,direct
1134,Sévines,MEC,984,1.0,1.0,1.0,G34,direct
1135,Sévines,MEC,401,1.0,0.5,0,G35,direct
1136,Sévines,MEC,402,1.0,0.5,0,G36,direct
1137,Sévines,Onduleur,ONP001,1.0,1.0,0,G37,direct
1138,Sévines,Onduleur,ONP002,1.0,1.0,1.0,G38,direct
1139,Sévines,Onduleur,ONP003,1.0,1.0,0,G39,direct
1140,Sévines,Onduleur,ONP004,1.0,1.0,0,G40,direct
1141,Sévines,Onduleur,ONP005,1.0,0.5,1.0,G41,direct
1142,Sévines,Détection,DEP010,1.0,4.0,2.0,G42,direct
1143,Sévines,Détection,DEP027,1.0,1.0,0,G43,direct
1144,Sévines,Détection,DEP100,1.0,1.0,1.0,G44,direct
1145,Sévines,Détection,DEP200,1.0,1.0,19.0,G45,direct
1146,Sévines,Détection,DEP201,1.0,1.0,0,G46,direct
1147,Sévines,Détection,DEP202,1.0,1.0,0,G47,direct
1148,Sévines,Détection,DEP203,1.0,1.0,1.0,G48,direct
1149,Sévines,Détection,DEP204,1.0,1.0,0,G49,direct
1150,Sévines,Détection,DEP205,1.0,1.0,0,G50,direct
1151,Sévines,Détection,DEP206,1.0,1.0,15.0,G51,direct
1152,Sévines,Ventilation,VPO203,1.0,1.0,1.0,G52,direct
1153,Sévines,Ventilation,VPT300,1.0,1.0,5.0,G53,direct
1154,Sévines,Ventilation,VPT301,1.0,1.0,0.0,G54,direct
1155,Sévines,Ventilation,VPT302,1.0,1.0,0.0,G55,direct
1156,Sévines,Ventilation,VPT304,1.0,1.0,0.0,G56,direct
1157,Sévines,Ventilation,VPT305,1.0,1.0,0.0,G57,direct
1158,Sévines,Vidéo,VI MP 132,1.0,1.0,1.0,G58,direct
1159,Sévines,Vidéo,VI MP 133,1.0,1.0,1.0,G59,direct
1160,Sévines,Vidéo,VI MP 332,1.0,2.0,1.0,G60,direct
1161,Sévines,Vidéo,VI MP 333,1.0,2.0,1.0,G61,direct
1162,Sévines,Vidéo,VI MP 416,1.0,1.0,1.0,G62,direct
1163,Sévines,Pompage,INP309,1.0,1.0,1.0,G63,direct
1164,Sévines,Pompage,POE600,1.0,1.0,0.0,G65,direct
1165,Sévines,Pompage,INP500,1.0,1.0,0,G67,direct
1166,Sévines,Pompage,INP600,1.0,1.0,0.0,G68,direct
1167,Sévines,Pompage,INP700,1.0,1.0,0,G69,direct
1168,Sévines,Pompage,INP800,1.0,1.0,0.0,G70,direct
1169,Sévines,Pompage,INP900,1.0,1.0,0.0,G71,direct
1170,Sévines,Pompage,INP901,1.0,1.0,0,G72,direct
1171,Bobigny,Bâtiment,VJN001,1.0,6.0,0,G3,sum_2
1172,Bobigny,Bâtiment,VJN002,,,,,
1173,Bobigny,Bâtiment,VNN001,1.0,6.0,0,G4,sum_2
1174,Bobigny,Bâtiment,VNN002,,,,,
1175,Bobigny,Bâtiment,MPN001,1.0,1.0,0,G5,sum_2
1176,Bobigny,Bâtiment,MPN002,,,,,
1177,Bobigny,Propreté,POL012,1.0,2.0,1.0,G6,direct
1178,Bobigny,ContReg,CRC106,1.0,1.0,1.0,G7,direct
1179,Bobigny,ContReg,CRC107,1.0,0.5,1.0,G8,direct
1180,Bobigny,ContReg,CRN109,1.0,1.0,1.0,G9,sum_5
1181,Bobigny,ContReg,CRN110,,,,,
1182,Bobigny,ContReg,CRN111,,,,,
1183,Bobigny,ContReg,CRN112,,,,,
1184,Bobigny,ContReg,CRN113,,,,,
1185,Bobigny,ContReg,CRC101,1.0,1.0,0.0,G10,direct
1186,Bobigny,ContReg,CRC102,1.0,1.0,7.0,G11,direct
1187,Bobigny,ContReg,CRC103,1.0,1.0,0.0,G12,direct
1188,Bobigny,Eclairage,ECPN01,1.0,2.0,2.0,G13,direct
1189,Bobigny,Eclairage,ECPN10,1.0,2.0,2.0,G14,direct
1190,Bobigny,Eclairage,ECPN50,1.0,0.4,2.0,G15,sum_3
1191,Bobigny,Eclairage,ECPN51,,,,,
1192,Bobigny,Eclairage,ECPN52,,,,,
1193,Bobigny,AEV,AEFN10,1.0,2.0,2.0,G16,direct
1194,Bobigny,AEV,AEPN20,1.0,2.0,2.0,G17,direct
1195,Bobigny,AEV,AEV08,1.0,1.0,31.0,G18,direct
1196,Bobigny,Automate,AUPR35,1.0,1.0,1.0,G19,direct
1197,Bobigny,Automate,AUPR36,1.0,1.0,1.0,G20,direct
1198,Bobigny,Automate,AUPR47,1.0,1.0,25.0,G21,direct
1199,Bobigny,Automate,AUPR48,1.0,1.0,0,G22,direct
1200,Bobigny,PAU/TSE,RAU-PN03,1.0,1.0,1.0,G23,direct
1201,Bobigny,PAU/TSE,TSE-PN03,1.0,1.0,1.0,G24,direct
1202,Bobigny,MEC,612,0.5,0.5,1.0,G25,div_1
1203,Bobigny,MEC,617,0.5,0.5,1.0,G26,div_1
1204,Bobigny,MEC,622,0.5,0.0,1.0,G27,div_1
1205,Bobigny,MEC,632,0.5,0.5,1.0,G28,div_1
1206,Bobigny,MEC,637,0.5,0.5,1.0,G29,div_1
1207,Bobigny,MEC,642,0.5,0.0,1.0,G30,div_1
1208,Bobigny,MEC,652,0.5,0.5,1.0,G31,div_1
1209,Bobigny,MEC,657,0.5,0.5,1.0,G32,div_1
1210,Bobigny,MEC,662,0.5,0.0,1.0,G33,div_1
1211,Bobigny,MEC,672,0.5,1.0,1.0,G34,div_1
1212,Bobigny,MEC,401,1.0,0.5,7.0,G35,direct
1213,Bobigny,MEC,402,1.0,0.5,7.0,G36,direct
1214,Bobigny,Onduleur,ONP001,1.0,1.0,5.0,G37,direct
1215,Bobigny,Onduleur,ONP002,1.0,1.0,0,G38,direct
1216,Bobigny,Onduleur,ONP003,1.0,1.0,0,G39,direct
1217,Bobigny,Onduleur,ONP004,1.0,1.0,0,G40,direct
1218,Bobigny,Onduleur,ONP005,1.0,0.5,5.0,G41,direct
1219,Bobigny,Détection,DEP013,0.5,4.0,2.0,G42,div_1
1220,Bobigny,Détection,DEP027,1.0,1.0,2.0,G43,direct
1221,Bobigny,Détection,DEP101,1.0,1.0,1.0,G44,direct
1222,Bobigny,Détection,DEP200,1.0,1.0,64.0,G45,direct
1223,Bobigny,Détection,DEP201,1.0,1.0,0,G46,direct
1224,Bobigny,Détection,DEP202,1.0,1.0,0,G47,direct
1225,Bobigny,Détection,DEP203,1.0,1.0,0,G48,direct
1226,Bobigny,Détection,DEP204,1.0,1.0,0,G49,direct
1227,Bobigny,Détection,DEP205,1.0,1.0,10.0,G50,direct
1228,Bobigny,Détection,DEP206,1.0,1.0,26.0,G51,direct
1229,Bobigny,Ventilation,VPN201,0.5,1.0,1.0,G52,div_1
1230,Bobigny,Ventilation,VPT300,1.0,1.0,30.0,G53,direct
1231,Bobigny,Ventilation,VPT301,1.0,1.0,0.0,G54,direct
1232,Bobigny,Ventilation,VPT302,1.0,1.0,0.0,G55,direct
1233,Bobigny,Ventilation,VPT304,1.0,1.0,0.0,G56,direct
1234,Bobigny,Ventilation,VPT305,1.0,1.0,0.0,G57,direct
1235,Bobigny,Vidéo,VI MP 108,1.0,1.0,1.0,G58,direct
1236,Bobigny,Vidéo,VI MP 109,1.0,1.0,1.0,G59,direct
1237,Bobigny,Vidéo,VI MP 308,1.0,2.0,1.0,G60,direct
1238,Bobigny,Vidéo,VI MP 309,1.0,2.0,1.0,G61,direct
1239,Bobigny,Vidéo,VI MP 404,1.0,1.0,1.0,G62,direct
1240,Bobigny,Pompage,INP105,1.0,1.0,1.0,G63,direct
1241,Bobigny,Pompage,POE600,1.0,1.0,0.0,G65,direct
1242,Bobigny,Pompage,POE701,1.0,1.0,4.0,G66,direct
1243,Bobigny,Pompage,INP500,1.0,1.0,0,G67,direct
1244,Bobigny,Pompage,INP600,1.0,1.0,0.0,G68,direct
1245,Bobigny,Pompage,INP700,1.0,1.0,0,G69,direct
1246,Bobigny,Pompage,INP800,1.0,1.0,0.0,G70,direct
1247,Bobigny,Pompage,INP900,1.0,1.0,0.0,G71,direct
1248,Bobigny,Pompage,INP901,1.0,1.0,0,G72,direct
1249,La Courneuve,Bâtiment,VJN001,1.0,6.0,0,G3,sum_2
1250,La Courneuve,Bâtiment,VJN002,,,,,
1251,La Courneuve,Bâtiment,VNN001,1.0,6.0,0,G4,sum_2
1252,La Courneuve,Bâtiment,VNN002,,,,,
1253,La Courneuve,Bâtiment,MPN001,1.0,1.0,0,G5,sum_2
1254,La Courneuve,Bâtiment,MPN002,,,,,
1255,La Courneuve,Propreté,POL013,1.0,2.0,2.0,G6,direct
1256,La Courneuve,ContReg,CRC106,1.0,1.0,1.0,G7,direct
1257,La Courneuve,ContReg,CRC107,1.0,0.5,1.0,G8,direct
1258,La Courneuve,ContReg,CRN106,1.0,1.0,1.0,G9,direct
1259,La Courneuve,ContReg,CRC101,1.0,1.0,0.0,G10,direct
1260,La Courneuve,ContReg,CRC102,1.0,1.0,0,G11,direct
1261,La Courneuve,ContReg,CRC103,1.0,1.0,0.0,G12,direct
1262,La Courneuve,Eclairage,ECPN04,1.0,2.0,2.0,G13,direct
1263,La Courneuve,Eclairage,ECPN16,1.0,2.0,2.0,G14,direct
1264,La Courneuve,Eclairage,ECPN61,1.0,0.4,2.0,G15,sum_3
1265,La Courneuve,Eclairage,ECPN62,,,,,
1266,La Courneuve,Eclairage,ECPN63,,,,,
1267,La Courneuve,AEV,AEFN12,1.0,2.0,2.0,G16,direct
1268,La Courneuve,AEV,AEPN22,1.0,2.0,2.0,G17,direct
1269,La Courneuve,AEV,AEV08,1.0,1.0,4.0,G18,direct
1270,La Courneuve,Automate,AUPR41,1.0,1.0,1.0,G19,direct
1271,La Courneuve,Automate,AUPR42,1.0,1.0,1.0,G20,direct
1272,La Courneuve,Automate,AUPR47,1.0,1.0,0,G21,direct
1273,La Courneuve,Automate,AUPR48,1.0,1.0,0,G22,direct
1274,La Courneuve,PAU/TSE,RAU-PN04,1.0,1.0,1.0,G23,direct
1275,La Courneuve,PAU/TSE,TSE-PN04,1.0,1.0,1.0,G24,direct
1276,La Courneuve,MEC,611,1.0,0.5,1.0,G25,direct
1277,La Courneuve,MEC,616,1.0,0.5,1.0,G26,direct
1278,La Courneuve,MEC,621,1.0,0.0,1.0,G27,direct
1279,La Courneuve,MEC,631,1.0,0.5,1.0,G28,direct
1280,La Courneuve,MEC,636,1.0,0.5,1.0,G29,direct
1281,La Courneuve,MEC,641,1.0,0.0,1.0,G30,direct
1282,La Courneuve,MEC,651,1.0,0.5,1.0,G31,direct
1283,La Courneuve,MEC,656,1.0,0.5,1.0,G32,direct
1284,La Courneuve,MEC,661,1.0,0.0,1.0,G33,direct
1285,La Courneuve,MEC,671,1.0,1.0,1.0,G34,direct
1286,La Courneuve,MEC,401,1.0,0.5,0,G35,direct
1287,La Courneuve,MEC,402,1.0,0.5,0,G36,direct
1288,La Courneuve,Onduleur,ONP001,1.0,1.0,1.0,G37,direct
1289,La Courneuve,Onduleur,ONP002,1.0,1.0,0,G38,direct
1290,La Courneuve,Onduleur,ONP003,1.0,1.0,0,G39,direct
1291,La Courneuve,Onduleur,ONP004,1.0,1.0,0,G40,direct
1292,La Courneuve,Onduleur,ONP005,1.0,0.5,1.0,G41,direct
1293,La Courneuve,Détection,DEP027,1.0,1.0,3.0,G43,direct
1294,La Courneuve,Détection,DEP100,1.0,1.0,1.0,G44,direct
1295,La Courneuve,Détection,DEP200,1.0,1.0,9.0,G45,direct
1296,La Courneuve,Détection,DEP201,1.0,1.0,0,G46,direct
1297,La Courneuve,Détection,DEP202,1.0,1.0,0,G47,direct
1298,La Courneuve,Détection,DEP203,1.0,1.0,0,G48,direct
1299,La Courneuve,Détection,DEP204,1.0,1.0,0,G49,direct
1300,La Courneuve,Détection,DEP205,1.0,1.0,3.0,G50,direct
1301,La Courneuve,Détection,DEP206,1.0,1.0,2.0,G51,direct
1302,La Courneuve,Ventilation,VPT300,1.0,1.0,0.0,G53,direct
1303,La Courneuve,Ventilation,VPT301,1.0,1.0,0.0,G54,direct
1304,La Courneuve,Ventilation,VPT302,1.0,1.0,0.0,G55,direct
1305,La Courneuve,Ventilation,VPT304,1.0,1.0,0.0,G56,direct
1306,La Courneuve,Ventilation,VPT305,1.0,1.0,0.0,G57,direct
1307,La Courneuve,Vidéo,VI MP 112,1.0,1.0,1.0,G58,direct
1308,La Courneuve,Vidéo,VI MP 113,1.0,1.0,1.0,G59,direct
1309,La Courneuve,Vidéo,VI MP 312,1.0,2.0,1.0,G60,direct
1310,La Courneuve,Vidéo,VI MP 313,1.0,2.0,1.0,G61,direct
1311,La Courneuve,Vidéo,VI MP 406,1.0,1.0,1.0,G62,direct
1312,La Courneuve,Pompage,INP102,1.0,1.0,1.0,G63,direct
1313,La Courneuve,Pompage,POE600,1.0,1.0,0.0,G65,direct
1314,La Courneuve,Pompage,POE701,1.0,1.0,0,G66,direct
1315,La Courneuve,Pompage,INP500,1.0,1.0,0,G67,direct
1316,La Courneuve,Pompage,INP600,1.0,1.0,0.0,G68,direct
1317,La Courneuve,Pompage,INP700,1.0,1.0,0,G69,direct
1318,La Courneuve,Pompage,INP800,1.0,1.0,0.0,G70,direct
1319,La Courneuve,Pompage,INP900,1.0,1.0,0.0,G71,direct
1320,La Courneuve,Pompage,INP901,1.0,1.0,0,G72,direct
1321,Landy,Bâtiment,VJN003,1.0,6.0,1.0,G3,sum_2
1322,Landy,Bâtiment,VJN004,,,,,
1323,Landy,Bâtiment,VNN003,1.0,6.0,1.0,G4,sum_2
1324,Landy,Bâtiment,VNN004,,,,,
1325,Landy,Bâtiment,MPN003,1.0,1.0,1.0,G5,sum_2
1326,Landy,Bâtiment,MPN004,,,,,
1327,Landy,Propreté,POL011,1.0,2.0,2.0,G6,direct
1328,Landy,ContReg,CRC106,1.0,1.0,1.0,G7,direct
1329,Landy,ContReg,CRC107,1.0,0.5,1.0,G8,direct
1330,Landy,ContReg,CRN101,1.0,1.0,1.0,G9,sum_5
1331,Landy,ContReg,CRN102,,,,,
1332,Landy,ContReg,CRN103,,,,,
1333,Landy,ContReg,CRN104,,,,,
1334,Landy,ContReg,CRN105,,,,,
1335,Landy,ContReg,CRC101,1.0,1.0,0.0,G10,direct
1336,Landy,ContReg,CRC102,1.0,1.0,1.0,G11,direct
1337,Landy,ContReg,CRC103,1.0,1.0,0.0,G12,direct
1338,Landy,Eclairage,ECPN05,1.0,2.0,2.0,G13,direct
1339,Landy,Eclairage,ECPN18,1.0,2.0,2.0,G14,direct
1340,Landy,Eclairage,ECPN64,1.0,0.4,2.0,G15,sum_3
1341,Landy,Eclairage,ECPN65,,,,,
1342,Landy,Eclairage,ECPN66,,,,,
1343,Landy,AEV,AEFN13,1.0,2.0,2.0,G16,direct
1344,Landy,AEV,AEPN23,1.0,2.0,2.0,G17,direct
1345,Landy,AEV,AEV08,1.0,1.0,24.0,G18,direct
1346,Landy,Automate,AUPR39,1.0,1.0,1.0,G19,direct
1347,Landy,Automate,AUPR40,1.0,1.0,1.0,G20,direct
1348,Landy,Automate,AUPR47,1.0,1.0,9.0,G21,direct
1349,Landy,Automate,AUPR48,1.0,1.0,0,G22,direct
1350,Landy,PAU/TSE,RAU-PN01,1.0,1.0,1.0,G23,direct
1351,Landy,PAU/TSE,TSE-PN01,1.0,1.0,1.0,G24,direct
1352,Landy,MEC,610,1.0,0.5,1.0,G25,direct
1353,Landy,MEC,615,1.0,0.5,1.0,G26,direct
1354,Landy,MEC,620,1.0,0.0,1.0,G27,direct
1355,Landy,MEC,630,1.0,0.5,1.0,G28,direct
1356,Landy,MEC,635,1.0,0.5,1.0,G29,direct
1357,Landy,MEC,640,1.0,0.0,1.0,G30,direct
1358,Landy,MEC,650,1.0,0.5,1.0,G31,direct
1359,Landy,MEC,655,1.0,0.5,1.0,G32,direct
1360,Landy,MEC,660,1.0,0.0,1.0,G33,direct
1361,Landy,MEC,670,1.0,1.0,1.0,G34,direct
1362,Landy,MEC,401,1.0,0.5,3.0,G35,direct
1363,Landy,MEC,402,1.0,0.5,3.0,G36,direct
1364,Landy,Onduleur,ONP001,1.0,1.0,1.0,G37,direct
1365,Landy,Onduleur,ONP002,1.0,1.0,2.0,G38,direct
1366,Landy,Onduleur,ONP003,1.0,1.0,0,G39,direct
1367,Landy,Onduleur,ONP004,1.0,1.0,0,G40,direct
1368,Landy,Onduleur,ONP005,1.0,0.5,3.0,G41,direct
1369,Landy,Détection,DEP012,1.0,4.0,2.0,G42,direct
1370,Landy,Détection,DEP027,1.0,1.0,2.0,G43,direct
1371,Landy,Détection,DEP100,1.0,1.0,1.0,G44,direct
1372,Landy,Détection,DEP200,1.0,1.0,52.0,G45,direct
1373,Landy,Détection,DEP201,1.0,1.0,5.0,G46,direct
1374,Landy,Détection,DEP202,1.0,1.0,0,G47,direct
1375,Landy,Détection,DEP203,1.0,1.0,2.0,G48,direct
1376,Landy,Détection,DEP204,1.0,1.0,0,G49,direct
1377,Landy,Détection,DEP205,1.0,1.0,4.0,G50,direct
1378,Landy,Détection,DEP206,1.0,1.0,23.0,G51,direct
1379,Landy,Ventilation,VPN200,1.0,1.0,1.0,G52,direct
1380,Landy,Ventilation,VPT300,1.0,1.0,24.0,G53,direct
1381,Landy,Ventilation,VPT301,1.0,1.0,0.0,G54,direct
1382,Landy,Ventilation,VPT302,1.0,1.0,0.0,G55,direct
1383,Landy,Ventilation,VPT304,1.0,1.0,0.0,G56,direct
1384,Landy,Ventilation,VPT305,1.0,1.0,0.0,G57,direct
1385,Landy,Vidéo,VI MP 106,1.0,1.0,1.0,G58,direct
1386,Landy,Vidéo,VI MP 107,1.0,1.0,1.0,G59,direct
1387,Landy,Vidéo,VI MP 306,1.0,2.0,1.0,G60,direct
1388,Landy,Vidéo,VI MP 307,1.0,2.0,1.0,G61,direct
1389,Landy,Vidéo,VI MP 403,1.0,1.0,1.0,G62,direct
1390,Landy,Pompage,INP101,1.0,1.0,1.0,G63,direct
1391,Landy,Pompage,POP101,1.0,3.0,1.0,G64,direct
1392,Landy,Pompage,POE600,1.0,1.0,0.0,G65,direct
1393,Landy,Pompage,POE701,1.0,1.0,7.0,G66,direct
1394,Landy,Pompage,INP500,1.0,1.0,0,G67,direct
1395,Landy,Pompage,INP600,1.0,1.0,0.0,G68,direct
1396,Landy,Pompage,INP700,1.0,1.0,0,G69,direct
1397,Landy,Pompage,INP800,1.0,1.0,0.0,G70,direct
1398,Landy,Pompage,INP900,1.0,1.0,0.0,G71,direct
1399,Landy,Pompage,INP901,1.0,1.0,0,G72,direct
1400,Lumen-Norton,Bâtiment,VJN001,1.0,6.0,0,G3,sum_2
1401,Lumen-Norton,Bâtiment,VJN002,,,,,
1402,Lumen-Norton,Bâtiment,VNN001,1.0,6.0,0,G4,sum_2
1403,Lumen-Norton,Bâtiment,VNN002,,,,,
1404,Lumen-Norton,Bâtiment,MPN001,1.0,1.0,0,G5,sum_2
1405,Lumen-Norton,Bâtiment,MPN002,,,,,
1406,Lumen-Norton,Propreté,POL012,1.0,2.0,1.0,G6,direct
1407,Lumen-Norton,ContReg,CRC106,1.0,1.0,1.0,G7,direct
1408,Lumen-Norton,ContReg,CRC107,1.0,0.5,1.0,G8,direct
1409,Lumen-Norton,ContReg,CRN107,1.0,1.0,1.0,G9,sum_2
1410,Lumen-Norton,ContReg,CRN108,,,,,
1411,Lumen-Norton,ContReg,CRC101,1.0,1.0,0.0,G10,direct
1412,Lumen-Norton,ContReg,CRC102,1.0,1.0,0,G11,direct
1413,Lumen-Norton,ContReg,CRC103,1.0,1.0,0.0,G12,direct
1414,Lumen-Norton,Eclairage,ECPN02,1.0,2.0,2.0,G13,direct
1415,Lumen-Norton,Eclairage,ECPN12,1.0,2.0,2.0,G14,direct
1416,Lumen-Norton,Eclairage,ECPN53,1.0,0.4,2.0,G15,sum_4
1417,Lumen-Norton,Eclairage,ECPN55,,,,,
1418,Lumen-Norton,Eclairage,ECPN57,,,,,
1419,Lumen-Norton,Eclairage,ECPN59,,,,,
1420,Lumen-Norton,AEV,AEFN11,1.0,2.0,2.0,G16,direct
1421,Lumen-Norton,AEV,AEPN21,1.0,2.0,2.0,G17,direct
1422,Lumen-Norton,AEV,AEV08,1.0,1.0,14.0,G18,direct
1423,Lumen-Norton,Automate,AUPR37,1.0,1.0,1.0,G19,direct
1424,Lumen-Norton,Automate,AUPR38,1.0,1.0,1.0,G20,direct
1425,Lumen-Norton,Automate,AUPR47,1.0,1.0,5.0,G21,direct
1426,Lumen-Norton,Automate,AUPR48,1.0,1.0,0,G22,direct
1427,Lumen-Norton,PAU/TSE,RAU-PN03,1.0,1.0,1.0,G23,direct
1428,Lumen-Norton,PAU/TSE,TSE-PN03,1.0,1.0,1.0,G24,direct
1429,Lumen-Norton,MEC,612,0.5,0.5,1.0,G25,div_1
1430,Lumen-Norton,MEC,617,0.5,0.5,1.0,G26,div_1
1431,Lumen-Norton,MEC,622,0.5,0.0,1.0,G27,div_1
1432,Lumen-Norton,MEC,632,0.5,0.5,1.0,G28,div_1
1433,Lumen-Norton,MEC,637,0.5,0.5,1.0,G29,div_1
1434,Lumen-Norton,MEC,642,0.5,0.0,1.0,G30,div_1
1435,Lumen-Norton,MEC,652,0.5,0.5,1.0,G31,div_1
1436,Lumen-Norton,MEC,657,0.5,0.5,1.0,G32,div_1
1437,Lumen-Norton,MEC,662,0.5,0.0,1.0,G33,div_1
1438,Lumen-Norton,MEC,672,0.5,1.0,1.0,G34,div_1
1439,Lumen-Norton,MEC,401,1.0,0.5,4.0,G35,direct
1440,Lumen-Norton,MEC,402,1.0,0.5,4.0,G36,direct
1441,Lumen-Norton,Onduleur,ONP001,1.0,1.0,2.0,G37,direct
1442,Lumen-Norton,Onduleur,ONP002,1.0,1.0,0,G38,direct
1443,Lumen-Norton,Onduleur,ONP003,1.0,1.0,0,G39,direct
1444,Lumen-Norton,Onduleur,ONP004,1.0,1.0,0,G40,direct
1445,Lumen-Norton,Onduleur,ONP005,1.0,0.5,2.0,G41,direct
1446,Lumen-Norton,Détection,DEP013,0.5,4.0,2.0,G42,div_1
1447,Lumen-Norton,Détection,DEP027,1.0,1.0,3.0,G43,direct
1448,Lumen-Norton,Détection,DEP100,1.0,1.0,1.0,G44,direct
1449,Lumen-Norton,Détection,DEP200,1.0,1.0,25.0,G45,direct
1450,Lumen-Norton,Détection,DEP201,1.0,1.0,1.0,G46,direct
1451,Lumen-Norton,Détection,DEP202,1.0,1.0,0,G47,direct
1452,Lumen-Norton,Détection,DEP203,1.0,1.0,0,G48,direct
1453,Lumen-Norton,Détection,DEP204,1.0,1.0,0,G49,direct
1454,Lumen-Norton,Détection,DEP205,1.0,1.0,2.0,G50,direct
1455,Lumen-Norton,Détection,DEP206,1.0,1.0,5.0,G51,direct
1456,Lumen-Norton,Ventilation,VPN201,0.5,1.0,1.0,G52,div_1
1457,Lumen-Norton,Ventilation,VPT300,1.0,1.0,0.0,G53,direct
1458,Lumen-Norton,Ventilation,VPT301,1.0,1.0,0.0,G54,direct
1459,Lumen-Norton,Ventilation,VPT302,1.0,1.0,0.0,G55,direct
1460,Lumen-Norton,Ventilation,VPT304,1.0,1.0,0.0,G56,direct
1461,Lumen-Norton,Ventilation,VPT305,1.0,1.0,0.0,G57,direct
1462,Lumen-Norton,Vidéo,VI MP 110,1.0,1.0,1.0,G58,direct
1463,Lumen-Norton,Vidéo,VI MP 111,1.0,1.0,1.0,G59,direct
1464,Lumen-Norton,Vidéo,VI MP 310,1.0,2.0,1.0,G60,direct
1465,Lumen-Norton,Vidéo,VI MP 311,1.0,2.0,1.0,G61,direct
1466,Lumen-Norton,Vidéo,VI MP 405,1.0,1.0,1.0,G62,direct
1467,Lumen-Norton,Pompage,INP103,1.0,1.0,1.0,G63,direct
1468,Lumen-Norton,Pompage,POE600,1.0,1.0,0.0,G65,direct
1469,Lumen-Norton,Pompage,POE701,1.0,1.0,0,G66,direct
1470,Lumen-Norton,Pompage,INP500,1.0,1.0,0,G67,direct
1471,Lumen-Norton,Pompage,INP600,1.0,1.0,0.0,G68,direct
1472,Lumen-Norton,Pompage,INP700,1.0,1.0,0,G69,direct
1473,Lumen-Norton,Pompage,INP800,1.0,1.0,0.0,G70,direct
1474,Lumen-Norton,Pompage,INP900,1.0,1.0,0.0,G71,direct
1475,Lumen-Norton,Pompage,INP901,1.0,1.0,0,G72,direct
1476,Taverny,Bâtiment,VJN005,1.0,6.0,2.0,G3,direct
1477,Taverny,Bâtiment,VNN005,1.0,6.0,2.0,G4,direct
1478,Taverny,Bâtiment,MPN005,1.0,1.0,2.0,G5,direct
1479,Taverny,Propreté,POL010,1.0,2.0,2.0,G6,direct
1480,Taverny,ContReg,CRC106,1.0,1.0,1.0,G7,direct
1481,Taverny,ContReg,CRC107,1.0,0.5,1.0,G8,direct
1482,Taverny,ContReg,CRN114,1.0,1.0,1.0,G9,direct
1483,Taverny,ContReg,CRC101,1.0,1.0,0.0,G10,direct
1484,Taverny,ContReg,CRC102,1.0,1.0,0,G11,direct
1485,Taverny,ContReg,CRC103,1.0,1.0,0.0,G12,direct
1486,Taverny,Eclairage,ECPN06,1.0,2.0,2.0,G13,direct
1487,Taverny,Eclairage,ECPN20,1.0,2.0,2.0,G14,direct
1488,Taverny,Eclairage,ECPN67,1.0,0.4,2.0,G15,sum_3
1489,Taverny,Eclairage,ECPN68,,,,,
1490,Taverny,Eclairage,ECPN69,,,,,
1491,Taverny,AEV,AEFN14,1.0,2.0,2.0,G16,direct
1492,Taverny,AEV,AEPN24,1.0,2.0,2.0,G17,direct
1493,Taverny,AEV,AEV08,1.0,1.0,8.0,G18,direct
1494,Taverny,Automate,AUPR43,1.0,1.0,1.0,G19,direct
1495,Taverny,Automate,AUPR44,1.0,1.0,1.0,G20,direct
1496,Taverny,Automate,AUPR47,1.0,1.0,7.0,G21,direct
1497,Taverny,Automate,AUPR48,1.0,1.0,0,G22,direct
1498,Taverny,PAU/TSE,RAU-PN02,1.0,1.0,1.0,G23,direct
1499,Taverny,PAU/TSE,TSE-PN02,1.0,1.0,1.0,G24,direct
1500,Taverny,MEC,613,1.0,0.5,1.0,G25,direct
1501,Taverny,MEC,618,1.0,0.5,1.0,G26,direct
1502,Taverny,MEC,623,1.0,0.0,1.0,G27,direct
1503,Taverny,MEC,633,1.0,0.5,1.0,G28,direct
1504,Taverny,MEC,638,1.0,0.5,1.0,G29,direct
1505,Taverny,MEC,643,1.0,0.0,1.0,G30,direct
1506,Taverny,MEC,653,1.0,0.5,1.0,G31,direct
1507,Taverny,MEC,658,1.0,0.5,1.0,G32,direct
1508,Taverny,MEC,663,1.0,0.0,1.0,G33,direct
1509,Taverny,MEC,673,1.0,1.0,1.0,G34,direct
1510,Taverny,MEC,401,1.0,0.5,2.0,G35,direct
1511,Taverny,MEC,402,1.0,0.5,2.0,G36,direct
1512,Taverny,Onduleur,ONP001,1.0,1.0,1.0,G37,direct
1513,Taverny,Onduleur,ONP002,1.0,1.0,0,G38,direct
1514,Taverny,Onduleur,ONP003,1.0,1.0,0,G39,direct
1515,Taverny,Onduleur,ONP004,1.0,1.0,0,G40,direct
1516,Taverny,Onduleur,ONP005,1.0,0.5,1.0,G41,direct
1517,Taverny,Détection,DEP011,1.0,4.0,2.0,G42,direct
1518,Taverny,Détection,DEP027,1.0,1.0,2.0,G43,direct
1519,Taverny,Détection,DEP100,1.0,1.0,1.0,G44,direct
1520,Taverny,Détection,DEP200,1.0,1.0,16.0,G45,direct
1521,Taverny,Détection,DEP201,1.0,1.0,0,G46,direct
1522,Taverny,Détection,DEP202,1.0,1.0,0,G47,direct
1523,Taverny,Détection,DEP203,1.0,1.0,0,G48,direct
1524,Taverny,Détection,DEP204,1.0,1.0,0,G49,direct
1525,Taverny,Détection,DEP205,1.0,1.0,8.0,G50,direct
1526,Taverny,Détection,DEP206,1.0,1.0,0,G51,direct
1527,Taverny,Ventilation,VPN202,1.0,1.0,1.0,G52,direct
1528,Taverny,Ventilation,VPT300,1.0,1.0,0.0,G53,direct
1529,Taverny,Ventilation,VPT301,1.0,1.0,0.0,G54,direct
1530,Taverny,Ventilation,VPT302,1.0,1.0,0.0,G55,direct
1531,Taverny,Ventilation,VPT304,1.0,1.0,0.0,G56,direct
1532,Taverny,Ventilation,VPT305,1.0,1.0,0.0,G57,direct
1533,Taverny,Vidéo,VI MP 114,1.0,1.0,1.0,G58,direct
1534,Taverny,Vidéo,VI MP 115,1.0,1.0,1.0,G59,direct
1535,Taverny,Vidéo,VI MP 314,1.0,2.0,1.0,G60,direct
1536,Taverny,Vidéo,VI MP 315,1.0,2.0,1.0,G61,direct
1537,Taverny,Vidéo,VI MP 407,1.0,1.0,1.0,G62,direct
1538,Taverny,Pompage,INP104,1.0,1.0,1.0,G63,direct
1539,Taverny,Pompage,POE600,1.0,1.0,0.0,G65,direct
1540,Taverny,Pompage,POE701,1.0,1.0,0,G66,direct
1541,Taverny,Pompage,INP500,1.0,1.0,0,G67,direct
1542,Taverny,Pompage,INP600,1.0,1.0,0.0,G68,direct
1543,Taverny,Pompage,INP700,1.0,1.0,0,G69,direct
1544,Taverny,Pompage,INP800,1.0,1.0,0.0,G70,direct
1545,Taverny,Pompage,INP900,1.0,1.0,0.0,G71,direct
1546,Taverny,Pompage,INP901,1.0,1.0,0,G72,direct
1547,Antony,Bâtiment,VJS003,0.5,6.0,2.0,G3,div_2
1548,Antony,Bâtiment,VJS004,,,,,
1549,Antony,Bâtiment,VNS003,0.5,6.0,2.0,G4,div_2
1550,Antony,Bâtiment,VNS004,,,,,
1551,Antony,Bâtiment,MPS003,0.5,1.0,2.0,G5,div_2
1552,Antony,Bâtiment,MPS004,,,,,
1553,Antony,Propreté,POL017,0.5,2.0,2.0,G6,div_1
1554,Antony,ContReg,CRC106,1.0,1.0,1.0,G7,direct
1555,Antony,ContReg,CRC107,1.0,0.5,1.0,G8,direct
1556,Antony,ContReg,CRS101,1.0,1.0,1.0,G9,sum_4
1557,Antony,ContReg,CRS102,,,,,
1558,Antony,ContReg,CRS103,,,,,
1559,Antony,ContReg,CRS104,,,,,
1560,Antony,ContReg,CRC101,1.0,1.0,0.0,G10,direct
1561,Antony,ContReg,CRC102,1.0,1.0,4.0,G11,direct
1562,Antony,ContReg,CRC103,1.0,1.0,0.0,G12,direct
1563,Antony,Eclairage,ECPS02,1.0,2.0,2.0,G13,direct
1564,Antony,Eclairage,ECPS12,1.0,2.0,2.0,G14,direct
1565,Antony,Eclairage,ECPS53,1.0,0.4,2.0,G15,sum_3
1566,Antony,Eclairage,ECPS54,,,,,
1567,Antony,Eclairage,ECPS55,,,,,
1568,Antony,AEV,AEFS11,1.0,2.0,2.0,G16,direct
1569,Antony,AEV,AEPS21,1.0,2.0,2.0,G17,direct
1570,Antony,AEV,AEV08,1.0,1.0,10.0,G18,direct
1571,Antony,Automate,AUPR21,0.5,1.0,1.0,G19,div_1
1572,Antony,Automate,AUPR22,0.5,1.0,1.0,G20,div_1
1573,Antony,Automate,AUPR47,1.0,1.0,5.0,G21,direct
1574,Antony,Automate,AUPR48,1.0,1.0,2.0,G22,direct
1575,Antony,PAU/TSE,RAU-PS01,0.5,1.0,1.0,G23,div_1
1576,Antony,PAU/TSE,TSE-PS01,0.5,1.0,1.0,G24,div_1
1577,Antony,MEC,810,1.0,0.5,1.0,G25,direct
1578,Antony,MEC,815,1.0,0.5,1.0,G26,direct
1579,Antony,MEC,820,1.0,0.0,1.0,G27,direct
1580,Antony,MEC,830,1.0,0.5,1.0,G28,direct
1581,Antony,MEC,835,1.0,0.5,1.0,G29,direct
1582,Antony,MEC,840,1.0,0.0,1.0,G30,direct
1583,Antony,MEC,850,1.0,0.5,1.0,G31,direct
1584,Antony,MEC,855,1.0,0.5,1.0,G32,direct
1585,Antony,MEC,860,1.0,0.0,1.0,G33,direct
1586,Antony,MEC,870,1.0,1.0,1.0,G34,direct
1587,Antony,MEC,401,1.0,0.5,2.0,G35,direct
1588,Antony,MEC,402,1.0,0.5,2.0,G36,direct
1589,Antony,Onduleur,ONP001,1.0,1.0,1.0,G37,direct
1590,Antony,Onduleur,ONP002,1.0,1.0,1.0,G38,direct
1591,Antony,Onduleur,ONP003,1.0,1.0,0,G39,direct
1592,Antony,Onduleur,ONP004,1.0,1.0,4.0,G40,direct
1593,Antony,Onduleur,ONP005,1.0,0.5,2.0,G41,direct
1594,Antony,Détection,DEP018,0.5,4.0,2.0,G42,div_1
1595,Antony,Détection,DEP027,1.0,1.0,2.0,G43,direct
1596,Antony,Détection,DEP101,1.0,1.0,1.0,G44,direct
1597,Antony,Détection,DEP200,1.0,1.0,46.0,G45,direct
1598,Antony,Détection,DEP201,1.0,1.0,2.0,G46,direct
1599,Antony,Détection,DEP202,1.0,1.0,0,G47,direct
1600,Antony,Détection,DEP203,1.0,1.0,0,G48,direct
1601,Antony,Détection,DEP204,1.0,1.0,0,G49,direct
1602,Antony,Détection,DEP205,1.0,1.0,10.0,G50,direct
1603,Antony,Détection,DEP206,1.0,1.0,15.0,G51,direct
1604,Antony,Ventilation,VPS200,1.0,1.0,1.0,G52,direct
1605,Antony,Ventilation,VPT300,1.0,1.0,0.0,G53,direct
1606,Antony,Ventilation,VPT301,1.0,1.0,0.0,G54,direct
1607,Antony,Ventilation,VPT302,1.0,1.0,0.0,G55,direct
1608,Antony,Ventilation,VPT304,1.0,1.0,0.0,G56,direct
1609,Antony,Ventilation,VPT305,1.0,1.0,0.0,G57,direct
1610,Antony,Vidéo,VI MP 136,1.0,1.0,1.0,G58,direct
1611,Antony,Vidéo,VI MP 137,1.0,1.0,1.0,G59,direct
1612,Antony,Vidéo,VI MP 336,1.0,2.0,1.0,G60,direct
1613,Antony,Vidéo,VI MP 337,1.0,2.0,1.0,G61,direct
1614,Antony,Vidéo,VI MP 418,1.0,1.0,1.0,G62,direct
1615,Antony,Pompage,INP401,1.0,1.0,1.0,G63,direct
1616,Antony,Pompage,POE401,1.0,3.0,1.0,G64,direct
1617,Antony,Pompage,POE600,1.0,1.0,0.0,G65,direct
1618,Antony,Pompage,POE401,1.0,1.0,1.0,G66,direct
1619,Antony,Pompage,INP500,1.0,1.0,0,G67,direct
1620,Antony,Pompage,INP600,1.0,1.0,0.0,G68,direct
1621,Antony,Pompage,INP700,1.0,1.0,0,G69,direct
1622,Antony,Pompage,INP800,1.0,1.0,0.0,G70,direct
1623,Antony,Pompage,INP900,1.0,1.0,0.0,G71,direct
1624,Antony,Pompage,INP901,1.0,1.0,1.0,G72,direct
1625,Fresnes,Bâtiment,VJS003,0.5,6.0,2.0,G3,div_2
1626,Fresnes,Bâtiment,VJS004,,,,,
1627,Fresnes,Bâtiment,VNS003,0.5,6.0,2.0,G4,div_2
1628,Fresnes,Bâtiment,VNS004,,,,,
1629,Fresnes,Bâtiment,MPS003,0.5,1.0,2.0,G5,div_2
1630,Fresnes,Bâtiment,MPS004,,,,,
1631,Fresnes,Propreté,POL017,0.5,2.0,2.0,G6,div_1
1632,Fresnes,ContReg,CRC106,1.0,1.0,1.0,G7,direct
1633,Fresnes,ContReg,CRC107,1.0,0.5,1.0,G8,direct
1634,Fresnes,ContReg,,0,1.0,1.0,G9,unknown
1635,Fresnes,ContReg,CRC101,1.0,1.0,0.0,G10,direct
1636,Fresnes,ContReg,CRC102,1.0,1.0,1.0,G11,direct
1637,Fresnes,ContReg,CRC103,1.0,1.0,0.0,G12,direct
1638,Fresnes,Eclairage,ECPS04,1.0,2.0,2.0,G13,direct
1639,Fresnes,Eclairage,ECPS16,1.0,2.0,2.0,G14,direct
1640,Fresnes,Eclairage,ECPS59,1.0,0.4,2.0,G15,sum_3
1641,Fresnes,Eclairage,ECPS60,,,,,
1642,Fresnes,Eclairage,ECPS61,,,,,
1643,Fresnes,AEV,AEFS13,1.0,2.0,2.0,G16,direct
1644,Fresnes,AEV,AEPS23,1.0,2.0,2.0,G17,direct
1645,Fresnes,AEV,AEV08,1.0,1.0,9.0,G18,direct
1646,Fresnes,Automate,AUPR21,0.5,1.0,1.0,G19,div_1
1647,Fresnes,Automate,AUPR22,0.5,1.0,1.0,G20,div_1
1648,Fresnes,Automate,AUPR47,1.0,1.0,2.0,G21,direct
1649,Fresnes,Automate,AUPR48,1.0,1.0,7.0,G22,direct
1650,Fresnes,PAU/TSE,RAU-PS01,0.5,1.0,1.0,G23,div_1
1651,Fresnes,PAU/TSE,TSE-PS01,0.5,1.0,1.0,G24,div_1
1652,Fresnes,MEC,811,1.0,0.5,1.0,G25,direct
1653,Fresnes,MEC,816,1.0,0.5,1.0,G26,direct
1654,Fresnes,MEC,821,1.0,0.0,1.0,G27,direct
1655,Fresnes,MEC,831,1.0,0.5,1.0,G28,direct
1656,Fresnes,MEC,836,1.0,0.5,1.0,G29,direct
1657,Fresnes,MEC,841,1.0,0.0,1.0,G30,direct
1658,Fresnes,MEC,851,1.0,0.5,1.0,G31,direct
1659,Fresnes,MEC,856,1.0,0.5,1.0,G32,direct
1660,Fresnes,MEC,861,1.0,0.0,1.0,G33,direct
1661,Fresnes,MEC,871,1.0,1.0,1.0,G34,direct
1662,Fresnes,MEC,401,1.0,0.5,2.0,G35,direct
1663,Fresnes,MEC,402,1.0,0.5,2.0,G36,direct
1664,Fresnes,Onduleur,ONP001,1.0,1.0,0,G37,direct
1665,Fresnes,Onduleur,ONP002,1.0,1.0,1.0,G38,direct
1666,Fresnes,Onduleur,ONP003,1.0,1.0,0,G39,direct
1667,Fresnes,Onduleur,ONP004,1.0,1.0,0,G40,direct
1668,Fresnes,Onduleur,ONP005,1.0,0.5,1.0,G41,direct
1669,Fresnes,Détection,DEP018,0.5,4.0,2.0,G42,div_1
1670,Fresnes,Détection,DEP027,1.0,1.0,4.0,G43,direct
1671,Fresnes,Détection,DEP100,1.0,1.0,1.0,G44,direct
1672,Fresnes,Détection,DEP200,1.0,1.0,26.0,G45,direct
1673,Fresnes,Détection,DEP201,1.0,1.0,0,G46,direct
1674,Fresnes,Détection,DEP202,1.0,1.0,0,G47,direct
1675,Fresnes,Détection,DEP203,1.0,1.0,0,G48,direct
1676,Fresnes,Détection,DEP204,1.0,1.0,0,G49,direct
1677,Fresnes,Détection,DEP205,1.0,1.0,5.0,G50,direct
1678,Fresnes,Détection,DEP206,1.0,1.0,6.0,G51,direct
1679,Fresnes,Ventilation,VPS201,1.0,1.0,1.0,G52,direct
1680,Fresnes,Ventilation,VPT300,1.0,1.0,0.0,G53,direct
1681,Fresnes,Ventilation,VPT301,1.0,1.0,0.0,G54,direct
1682,Fresnes,Ventilation,VPT302,1.0,1.0,0.0,G55,direct
1683,Fresnes,Ventilation,VPT304,1.0,1.0,0.0,G56,direct
1684,Fresnes,Ventilation,VPT305,1.0,1.0,0.0,G57,direct
1685,Fresnes,Vidéo,VI MP 138,1.0,1.0,1.0,G58,direct
1686,Fresnes,Vidéo,VI MP 139,1.0,1.0,1.0,G59,direct
1687,Fresnes,Vidéo,VI MP 338,1.0,2.0,1.0,G60,direct
1688,Fresnes,Vidéo,VI MP 339,1.0,2.0,1.0,G61,direct
1689,Fresnes,Vidéo,VI MP 419,1.0,1.0,1.0,G62,direct
1690,Fresnes,Pompage,INP402,1.0,1.0,1.0,G63,direct
1691,Fresnes,Pompage,POP402,1.0,3.0,1.0,G64,direct
1692,Fresnes,Pompage,POE600,1.0,1.0,0.0,G65,direct
1693,Fresnes,Pompage,POE402,1.0,1.0,1.0,G66,direct
1694,Fresnes,Pompage,INP500,1.0,1.0,0,G67,direct
1695,Fresnes,Pompage,INP600,1.0,1.0,0.0,G68,direct
1696,Fresnes,Pompage,INP700,1.0,1.0,0,G69,direct
1697,Fresnes,Pompage,INP800,1.0,1.0,0.0,G70,direct
1698,Fresnes,Pompage,INP900,1.0,1.0,0.0,G71,direct
1699,Fresnes,Pompage,INP901,1.0,1.0,0,G72,direct
1700,Bicêtre,Bâtiment,VJS001,0.5,6.0,2.0,G3,div_2
1701,Bicêtre,Bâtiment,VJS002,,,,,
1702,Bicêtre,Bâtiment,VNS001,0.5,6.0,2.0,G4,div_2
1703,Bicêtre,Bâtiment,VNS002,,,,,
1704,Bicêtre,Bâtiment,MPS001,0.5,1.0,2.0,G5,div_2
1705,Bicêtre,Bâtiment,MPS002,,,,,
1706,Bicêtre,Propreté,POL018,1.0,2.0,2.0,G6,direct
1707,Bicêtre,ContReg,CRC106,1.0,1.0,1.0,G7,direct
1708,Bicêtre,ContReg,CRC107,1.0,0.5,1.0,G8,direct
1709,Bicêtre,ContReg,CRS107,1.0,1.0,1.0,G9,sum_2
1710,Bicêtre,ContReg,CRS108,,,,,
1711,Bicêtre,ContReg,CRC101,1.0,1.0,0.0,G10,direct
1712,Bicêtre,ContReg,CRC102,1.0,1.0,0,G11,direct
1713,Bicêtre,ContReg,CRC103,1.0,1.0,0.0,G12,direct
1714,Bicêtre,Eclairage,ECPS01,1.0,2.0,2.0,G13,direct
1715,Bicêtre,Eclairage,ECPS10,1.0,2.0,2.0,G14,direct
1716,Bicêtre,Eclairage,ECPS50,1.0,0.4,2.0,G15,sum_3
1717,Bicêtre,Eclairage,ECPS51,,,,,
1718,Bicêtre,Eclairage,ECPS52,,,,,
1719,Bicêtre,AEV,AEFS10,1.0,2.0,2.0,G16,direct
1720,Bicêtre,AEV,AEPS20,1.0,2.0,2.0,G17,direct
1721,Bicêtre,AEV,AEV08,1.0,1.0,22.0,G18,direct
1722,Bicêtre,Automate,AUPR23,0.5,1.0,1.0,G19,div_1
1723,Bicêtre,Automate,AUPR24,0.5,1.0,1.0,G20,div_1
1724,Bicêtre,Automate,AUPR47,1.0,1.0,3.0,G21,direct
1725,Bicêtre,Automate,AUPR48,1.0,1.0,0,G22,direct
1726,Bicêtre,PAU/TSE,RAU-PS02,0.5,1.0,1.0,G23,div_1
1727,Bicêtre,PAU/TSE,TSE-PS02,0.5,1.0,1.0,G24,div_1
1728,Bicêtre,MEC,812,0.5,0.5,1.0,G25,div_1
1729,Bicêtre,MEC,817,0.5,0.5,1.0,G26,div_1
1730,Bicêtre,MEC,822,0.5,0.0,1.0,G27,div_1
1731,Bicêtre,MEC,832,0.5,0.5,1.0,G28,div_1
1732,Bicêtre,MEC,837,0.5,0.5,1.0,G29,div_1
1733,Bicêtre,MEC,842,0.5,0.0,1.0,G30,div_1
1734,Bicêtre,MEC,852,0.5,0.5,1.0,G31,div_1
1735,Bicêtre,MEC,857,0.5,0.5,1.0,G32,div_1
1736,Bicêtre,MEC,862,0.5,0.0,1.0,G33,div_1
1737,Bicêtre,MEC,872,0.5,1.0,1.0,G34,div_1
1738,Bicêtre,MEC,401,1.0,0.5,2.0,G35,direct
1739,Bicêtre,MEC,402,1.0,0.5,2.0,G36,direct
1740,Bicêtre,Onduleur,ONP001,1.0,1.0,0,G37,direct
1741,Bicêtre,Onduleur,ONP002,1.0,1.0,2.0,G38,direct
1742,Bicêtre,Onduleur,ONP003,1.0,1.0,0,G39,direct
1743,Bicêtre,Onduleur,ONP004,1.0,1.0,0,G40,direct
1744,Bicêtre,Onduleur,ONP005,1.0,0.5,2.0,G41,direct
1745,Bicêtre,Détection,DEP019,1.0,4.0,2.0,G42,direct
1746,Bicêtre,Détection,DEP027,1.0,1.0,4.0,G43,direct
1747,Bicêtre,Détection,DEP100,1.0,1.0,1.0,G44,direct
1748,Bicêtre,Détection,DEP200,1.0,1.0,44.0,G45,direct
1749,Bicêtre,Détection,DEP201,1.0,1.0,45.0,G46,direct
1750,Bicêtre,Détection,DEP202,1.0,1.0,3.0,G47,direct
1751,Bicêtre,Détection,DEP203,1.0,1.0,0,G48,direct
1752,Bicêtre,Détection,DEP204,1.0,1.0,0,G49,direct
1753,Bicêtre,Détection,DEP205,1.0,1.0,0,G50,direct
1754,Bicêtre,Détection,DEP206,1.0,1.0,2.0,G51,direct
1755,Bicêtre,Ventilation,VPS202,1.0,1.0,1.0,G52,direct
1756,Bicêtre,Ventilation,VPT300,1.0,1.0,0.0,G53,direct
1757,Bicêtre,Ventilation,VPT301,1.0,1.0,0.0,G54,direct
1758,Bicêtre,Ventilation,VPT302,1.0,1.0,0.0,G55,direct
1759,Bicêtre,Ventilation,VPT304,1.0,1.0,0.0,G56,direct
1760,Bicêtre,Ventilation,VPT305,1.0,1.0,0.0,G57,direct
1761,Bicêtre,Vidéo,VI MP 140,0.5,1.0,1.0,G58,div_1
1762,Bicêtre,Vidéo,VI MP 141,0.5,1.0,1.0,G59,div_1
1763,Bicêtre,Vidéo,VI MP 340,0.5,2.0,1.0,G60,div_1
1764,Bicêtre,Vidéo,VI MP 341,0.5,2.0,1.0,G61,div_1
1765,Bicêtre,Vidéo,VI MP 420,0.5,1.0,1.0,G62,div_1
1766,Bicêtre,Pompage,INP405,1.0,1.0,1.0,G63,direct
1767,Bicêtre,Pompage,POP403,1.0,3.0,1.0,G64,sum_2
1768,Bicêtre,Pompage,POP404,,,,,
1769,Bicêtre,Pompage,POE600,1.0,1.0,0.0,G65,direct
1770,Bicêtre,Pompage,POP403,1.0,1.0,2.0,G66,sum_2
1771,Bicêtre,Pompage,POP404,,,,,
1772,Bicêtre,Pompage,INP500,1.0,1.0,0,G67,direct
1773,Bicêtre,Pompage,INP600,1.0,1.0,0.0,G68,direct
1774,Bicêtre,Pompage,INP700,1.0,1.0,12.0,G69,direct
1775,Bicêtre,Pompage,INP800,1.0,1.0,0.0,G70,direct
1776,Bicêtre,Pompage,INP900,1.0,1.0,0.0,G71,direct
1777,Bicêtre,Pompage,INP901,1.0,1.0,0,G72,direct
1778,Italie,Bâtiment,VJS001,0.5,6.0,1.0,G3,div_2
1779,Italie,Bâtiment,VJS002,,,,,
1780,Italie,Bâtiment,VNS001,0.5,6.0,1.0,G4,div_2
1781,Italie,Bâtiment,VNS002,,,,,
1782,Italie,Bâtiment,MPS001,0.5,1.0,1.0,G5,div_2
1783,Italie,Bâtiment,MPS002,,,,,
1784,Italie,Propreté,POL019,1.0,2.0,2.0,G6,direct
1785,Italie,ContReg,CRC106,1.0,1.0,1.0,G7,direct
1786,Italie,ContReg,CRC107,1.0,0.5,1.0,G8,direct
1787,Italie,ContReg,CRS109,1.0,1.0,1.0,G9,direct
1788,Italie,ContReg,CRC101,1.0,1.0,0.0,G10,direct
1789,Italie,ContReg,CRC102,1.0,1.0,0,G11,direct
1790,Italie,ContReg,CRC103,1.0,1.0,0.0,G12,direct
1791,Italie,Eclairage,ECPS05,1.0,2.0,2.0,G13,direct
1792,Italie,Eclairage,ECPS18,1.0,2.0,2.0,G14,direct
1793,Italie,Eclairage,ECPS62,1.0,0.4,2.0,G15,sum_3
1794,Italie,Eclairage,ECPS63,,,,,
1795,Italie,Eclairage,ECPS64,,,,,
1796,Italie,AEV,AEFS14,1.0,2.0,2.0,G16,direct
1797,Italie,AEV,AEPS24,1.0,2.0,2.0,G17,direct
1798,Italie,AEV,AEV08,1.0,1.0,6.0,G18,direct
1799,Italie,Automate,AUPR23,0.5,1.0,1.0,G19,div_1
1800,Italie,Automate,AUPR24,0.5,1.0,1.0,G20,div_1
1801,Italie,Automate,AUPR47,1.0,1.0,1.0,G21,direct
1802,Italie,Automate,AUPR48,1.0,1.0,0,G22,direct
1803,Italie,PAU/TSE,RAU-PS02,0.5,1.0,1.0,G23,div_1
1804,Italie,PAU/TSE,TSE-PS02,0.5,1.0,1.0,G24,div_1
1805,Italie,MEC,812,0.5,0.5,1.0,G25,div_1
1806,Italie,MEC,817,0.5,0.5,1.0,G26,div_1
1807,Italie,MEC,822,0.5,0.0,1.0,G27,div_1
1808,Italie,MEC,832,0.5,0.5,1.0,G28,div_1
1809,Italie,MEC,837,0.5,0.5,1.0,G29,div_1
1810,Italie,MEC,842,0.5,0.0,1.0,G30,div_1
1811,Italie,MEC,852,0.5,0.5,1.0,G31,div_1
1812,Italie,MEC,857,0.5,0.5,1.0,G32,div_1
1813,Italie,MEC,862,0.5,0.0,1.0,G33,div_1
1814,Italie,MEC,872,0.5,1.0,1.0,G34,div_1
1815,Italie,MEC,401,1.0,0.5,1.0,G35,direct
1816,Italie,MEC,402,1.0,0.5,1.0,G36,direct
1817,Italie,Onduleur,ONP001,1.0,1.0,0,G37,direct
1818,Italie,Onduleur,ONP002,1.0,1.0,1.0,G38,direct
1819,Italie,Onduleur,ONP003,1.0,1.0,0,G39,direct
1820,Italie,Onduleur,ONP004,1.0,1.0,0,G40,direct
1821,Italie,Onduleur,ONP005,1.0,0.5,1.0,G41,direct
1822,Italie,Détection,DEP020,1.0,4.0,1.0,G42,direct
1823,Italie,Détection,DEP027,1.0,1.0,3.0,G43,direct
1824,Italie,Détection,DEP100,1.0,1.0,1.0,G44,direct
1825,Italie,Détection,DEP200,1.0,1.0,17.0,G45,direct
1826,Italie,Détection,DEP201,1.0,1.0,2.0,G46,direct
1827,Italie,Détection,DEP202,1.0,1.0,0,G47,direct
1828,Italie,Détection,DEP203,1.0,1.0,0,G48,direct
1829,Italie,Détection,DEP204,1.0,1.0,0,G49,direct
1830,Italie,Détection,DEP205,1.0,1.0,0,G50,direct
1831,Italie,Détection,DEP206,1.0,1.0,10.0,G51,direct
1832,Italie,Ventilation,VPT300,1.0,1.0,0.0,G53,direct
1833,Italie,Ventilation,VPT301,1.0,1.0,0.0,G54,direct
1834,Italie,Ventilation,VPT302,1.0,1.0,0.0,G55,direct
1835,Italie,Ventilation,VPT304,1.0,1.0,0.0,G56,direct
1836,Italie,Ventilation,VPT305,1.0,1.0,0.0,G57,direct
1837,Italie,Vidéo,VI MP 140,0.5,1.0,1.0,G58,div_1
1838,Italie,Vidéo,VI MP 141,0.5,1.0,1.0,G59,div_1
1839,Italie,Vidéo,VI MP 340,0.5,2.0,1.0,G60,div_1
1840,Italie,Vidéo,VI MP 341,0.5,2.0,1.0,G61,div_1
1841,Italie,Vidéo,VI MP 420,0.5,1.0,1.0,G62,div_1
1842,Italie,Pompage,INP404,1.0,1.0,1.0,G63,direct
1843,Italie,Pompage,POE600,1.0,1.0,0.0,G65,direct
1844,Italie,Pompage,INP500,1.0,1.0,0,G67,direct
1845,Italie,Pompage,INP600,1.0,1.0,0.0,G68,direct
1846,Italie,Pompage,INP700,1.0,1.0,5.0,G69,direct
1847,Italie,Pompage,INP800,1.0,1.0,0.0,G70,direct
1848,Italie,Pompage,INP900,1.0,1.0,0.0,G71,direct
1849,Italie,Pompage,INP901,1.0,1.0,0,G72,direct
1850,Orly,Bâtiment,VJS005,1.0,6.0,1.0,G3,direct
1851,Orly,Bâtiment,VNS005,1.0,6.0,1.0,G4,direct
1852,Orly,Bâtiment,MPS005,1.0,1.0,1.0,G5,direct
1853,Orly,Propreté,POL020,1.0,2.0,2.0,G6,direct
1854,Orly,ContReg,CRC106,1.0,1.0,1.0,G7,direct
1855,Orly,ContReg,CRC107,1.0,0.5,1.0,G8,direct
1856,Orly,ContReg,CRS110,1.0,1.0,1.0,G9,direct
1857,Orly,ContReg,CRC101,1.0,1.0,0.0,G10,direct
1858,Orly,ContReg,CRC102,1.0,1.0,0,G11,direct
1859,Orly,ContReg,CRC103,1.0,1.0,0.0,G12,direct
1860,Orly,Eclairage,ECPS03,1.0,2.0,2.0,G13,direct
1861,Orly,Eclairage,ECPS14,1.0,2.0,2.0,G14,direct
1862,Orly,Eclairage,ECPS56,1.0,0.4,2.0,G15,sum_3
1863,Orly,Eclairage,ECPS57,,,,,
1864,Orly,Eclairage,ECPS58,,,,,
1865,Orly,AEV,ECPS10,1.0,2.0,2.0,G16,direct
1866,Orly,AEV,ECPS12,1.0,2.0,2.0,G17,direct
1867,Orly,AEV,AEV08,1.0,1.0,12.0,G18,direct
1868,Orly,Automate,AUPR25,1.0,1.0,1.0,G19,direct
1869,Orly,Automate,AUPR02,1.0,1.0,1.0,G20,direct
1870,Orly,Automate,AUPR03,1.0,1.0,0,G21,direct
1871,Orly,Automate,AUPR48,1.0,1.0,0,G22,direct
1872,Orly,PAU/TSE,RAU-PS03,1.0,1.0,1.0,G23,direct
1873,Orly,PAU/TSE,TSE-PS03,1.0,1.0,1.0,G24,direct
1874,Orly,MEC,813,1.0,0.5,1.0,G25,direct
1875,Orly,MEC,818,1.0,0.5,1.0,G26,direct
1876,Orly,MEC,823,1.0,0.0,1.0,G27,direct
1877,Orly,MEC,833,1.0,0.5,1.0,G28,direct
1878,Orly,MEC,838,1.0,0.5,1.0,G29,direct
1879,Orly,MEC,843,1.0,0.0,1.0,G30,direct
1880,Orly,MEC,853,1.0,0.5,1.0,G31,direct
1881,Orly,MEC,858,1.0,0.5,1.0,G32,direct
1882,Orly,MEC,863,1.0,0.0,1.0,G33,direct
1883,Orly,MEC,873,1.0,1.0,1.0,G34,direct
1884,Orly,MEC,401,1.0,0.5,2.0,G35,direct
1885,Orly,MEC,402,1.0,0.5,2.0,G36,direct
1886,Orly,Onduleur,ONP001,1.0,1.0,0,G37,direct
1887,Orly,Onduleur,ONP002,1.0,1.0,1.0,G38,direct
1888,Orly,Onduleur,ONP003,1.0,1.0,0,G39,direct
1889,Orly,Onduleur,ONP004,1.0,1.0,0,G40,direct
1890,Orly,Onduleur,ONP005,1.0,0.5,1.0,G41,direct
1891,Orly,Détection,DEP021,1.0,4.0,1.0,G42,direct
1892,Orly,Détection,DEP027,1.0,1.0,3.0,G43,direct
1893,Orly,Détection,DEP100,1.0,1.0,1.0,G44,direct
1894,Orly,Détection,DEP200,1.0,1.0,0,G45,direct
1895,Orly,Détection,DEP201,1.0,1.0,0,G46,direct
1896,Orly,Détection,DEP202,1.0,1.0,0,G47,direct
1897,Orly,Détection,DEP203,1.0,1.0,20.0,G48,direct
1898,Orly,Détection,DEP204,1.0,1.0,0,G49,direct
1899,Orly,Détection,DEP205,1.0,1.0,0,G50,direct
1900,Orly,Détection,DEP206,1.0,1.0,11.0,G51,direct
1901,Orly,Ventilation,VPT300,1.0,1.0,12.0,G53,direct
1902,Orly,Ventilation,VPT301,1.0,1.0,9.0,G54,direct
1903,Orly,Ventilation,VPT302,1.0,1.0,0.0,G55,direct
1904,Orly,Ventilation,VPT304,1.0,1.0,0.0,G56,direct
1905,Orly,Ventilation,VPT305,1.0,1.0,0.0,G57,direct
1906,Orly,Vidéo,VI MP 142,1.0,1.0,1.0,G58,direct
1907,Orly,Vidéo,VI MP 143,1.0,1.0,1.0,G59,direct
1908,Orly,Vidéo,VI MP 342,1.0,2.0,1.0,G60,direct
1909,Orly,Vidéo,VI MP 343,1.0,2.0,1.0,G61,direct
1910,Orly,Vidéo,VI MP 421,1.0,1.0,1.0,G62,direct
1911,Orly,Pompage,INP403,1.0,1.0,1.0,G63,direct
1912,Orly,Pompage,POE600,1.0,1.0,0.0,G65,direct
1913,Orly,Pompage,POE701,1.0,1.0,0,G66,direct
1914,Orly,Pompage,INP500,1.0,1.0,0,G67,direct
1915,Orly,Pompage,INP600,1.0,1.0,0.0,G68,direct
1916,Orly,Pompage,INP700,1.0,1.0,9.0,G69,direct
1917,Orly,Pompage,INP800,1.0,1.0,0.0,G70,direct
1918,Orly,Pompage,INP900,1.0,1.0,0.0,G71,direct
1919,Orly,Pompage,INP901,1.0,1.0,0,G72,direct
